response,response_cn,catalyst_id,combination_mean_pct,combination_effect_pct_point,mean_rank,best_rank,worst_rank,rank_range,top5_count,bottom5_count
c4_selectivity_pct,C4 烯烃选择性,A1,41.4075,29.347261904761904,,,,,,
c4_selectivity_pct,C4 烯烃选择性,A10,2.3274999999999997,-9.732738095238094,,,,,,
c4_selectivity_pct,C4 烯烃选择性,A11,1.8175,-10.242738095238096,,,,,,
c4_selectivity_pct,C4 烯烃选择性,A12,11.940000000000001,-0.12023809523809348,,,,,,
c4_selectivity_pct,C4 烯烃选择性,A13,12.252500000000001,0.19226190476190652,,,,,,
c4_selectivity_pct,C4 烯烃选择性,A14,4.72,-7.340238095238095,,,,,,
c4_selectivity_pct,C4 烯烃选择性,A2,23.512500000000003,11.452261904761908,,,,,,
c4_selectivity_pct,C4 烯烃选择性,A3,16.85,4.789761904761907,,,,,,
c4_selectivity_pct,C4 烯烃选择性,A4,14.0525,1.9922619047619055,,,,,,
c4_selectivity_pct,C4 烯烃选择性,A5,9.370000000000001,-2.6902380952380938,,,,,,
c4_selectivity_pct,C4 烯烃选择性,A6,7.0575,-5.002738095238095,,,,,,
c4_selectivity_pct,C4 烯烃选择性,A7,9.9475,-2.112738095238095,,,,,,
c4_selectivity_pct,C4 烯烃选择性,A8,13.465,1.404761904761905,,,,,,
c4_selectivity_pct,C4 烯烃选择性,A9,15.555,3.494761904761905,,,,,,
c4_selectivity_pct,C4 烯烃选择性,B1,13.205,1.1447619047619053,,,,,,
c4_selectivity_pct,C4 烯烃选择性,B2,10.1075,-1.9527380952380948,,,,,,
c4_selectivity_pct,C4 烯烃选择性,B3,7.405,-4.6552380952380945,,,,,,
c4_selectivity_pct,C4 烯烃选择性,B4,7.8475,-4.212738095238095,,,,,,
c4_selectivity_pct,C4 烯烃选择性,B5,8.155,-3.9052380952380954,,,,,,
c4_selectivity_pct,C4 烯烃选择性,B6,10.1175,-1.942738095238095,,,,,,
c4_selectivity_pct,C4 烯烃选择性,B7,12.1525,0.0922619047619051,,,,,,
ethanol_conversion_pct,乙醇转化率,A7,36.822652660888096,23.043316357445804,1.5,1.0,3.0,2.0,4.0,0.0
ethanol_conversion_pct,乙醇转化率,A2,32.150019298336346,18.370682994894054,3.0,1.0,6.0,5.0,3.0,0.0
ethanol_conversion_pct,乙醇转化率,A3,26.773396629440548,12.994060325998253,3.75,2.0,5.0,3.0,4.0,0.0
ethanol_conversion_pct,乙醇转化率,A6,26.851157735087924,13.07182143164563,4.0,3.0,5.0,2.0,4.0,0.0
ethanol_conversion_pct,乙醇转化率,A4,26.515535413080272,12.736199109637978,4.75,2.0,8.0,6.0,2.0,0.0
ethanol_conversion_pct,乙醇转化率,A5,21.207837396747976,7.428501093305682,4.75,2.0,6.0,4.0,2.0,0.0
ethanol_conversion_pct,乙醇转化率,A8,14.981754416855512,1.2024181134132181,7.0,5.0,8.0,3.0,1.0,0.0
ethanol_conversion_pct,乙醇转化率,B7,13.55,-0.2293363034422935,8.5,7.0,10.0,3.0,0.0,0.0
ethanol_conversion_pct,乙醇转化率,A1,14.922199724893877,1.1428634214515832,9.25,7.0,13.0,6.0,0.0,0.0
ethanol_conversion_pct,乙醇转化率,B6,12.482155760129658,-1.2971805433126367,9.25,9.0,10.0,1.0,0.0,0.0
ethanol_conversion_pct,乙醇转化率,A14,10.502864646823,-3.276471656619295,11.0,11.0,11.0,0.0,0.0,0.0
ethanol_conversion_pct,乙醇转化率,B2,7.394070020981542,-6.385266282460752,12.5,10.0,14.0,4.0,0.0,0.0
ethanol_conversion_pct,乙醇转化率,A12,7.93550625124544,-5.8438300521968545,13.25,12.0,15.0,3.0,0.0,0.0
ethanol_conversion_pct,乙醇转化率,B5,6.907549767090475,-6.871786536351819,13.75,12.0,15.0,3.0,0.0,0.0
ethanol_conversion_pct,乙醇转化率,B1,7.71477103151859,-6.064565271923704,14.25,13.0,16.0,3.0,0.0,0.0
ethanol_conversion_pct,乙醇转化率,A9,5.794419656943412,-7.984916646498882,15.75,14.0,17.0,3.0,0.0,1.0
ethanol_conversion_pct,乙醇转化率,A13,5.589477390925205,-8.189858912517089,16.75,16.0,17.0,1.0,0.0,3.0
ethanol_conversion_pct,乙醇转化率,B4,3.578871646315839,-10.200464657126455,18.0,18.0,18.0,0.0,0.0,4.0
ethanol_conversion_pct,乙醇转化率,A10,3.0097335140295245,-10.769602789412769,19.25,19.0,20.0,1.0,0.0,4.0
ethanol_conversion_pct,乙醇转化率,B3,2.042305035898963,-11.737031267543331,20.25,19.0,21.0,2.0,0.0,4.0
ethanol_conversion_pct,乙醇转化率,A11,2.6397843750558962,-11.139551928386398,20.5,20.0,21.0,1.0,0.0,4.0
