temperature_c,response,response_cn,catalyst_id,value_pct,rank_descending
250.0,ethanol_conversion_pct,乙醇转化率,A1,2.06716944958221,13.0
250.0,ethanol_conversion_pct,乙醇转化率,A2,4.60299723489029,6.0
250.0,ethanol_conversion_pct,乙醇转化率,A3,9.6693729570379,4.0
250.0,ethanol_conversion_pct,乙醇转化率,A4,4.0193913236899,8.0
250.0,ethanol_conversion_pct,乙醇转化率,A5,14.7871833611187,2.0
250.0,ethanol_conversion_pct,乙醇转化率,A6,13.3893967283351,3.0
250.0,ethanol_conversion_pct,乙醇转化率,A7,19.6562914186116,1.0
250.0,ethanol_conversion_pct,乙醇转化率,A8,6.26573693340327,5.0
250.0,ethanol_conversion_pct,乙醇转化率,A9,2.05316160924955,14.0
250.0,ethanol_conversion_pct,乙醇转化率,A10,0.319963965933778,20.0
250.0,ethanol_conversion_pct,乙醇转化率,A11,0.227691554459886,21.0
250.0,ethanol_conversion_pct,乙醇转化率,A12,1.44170934251802,15.0
250.0,ethanol_conversion_pct,乙醇转化率,A13,1.34694843685351,17.0
250.0,ethanol_conversion_pct,乙醇转化率,A14,2.49268861247491,11.0
250.0,ethanol_conversion_pct,乙醇转化率,B1,1.40818182615844,16.0
250.0,ethanol_conversion_pct,乙醇转化率,B2,2.76302415733759,10.0
250.0,ethanol_conversion_pct,乙醇转化率,B3,0.394774301814516,19.0
250.0,ethanol_conversion_pct,乙醇转化率,B4,0.543983713140717,18.0
250.0,ethanol_conversion_pct,乙醇转化率,B5,2.12124689485722,12.0
250.0,ethanol_conversion_pct,乙醇转化率,B6,2.7681694785164,9.0
250.0,ethanol_conversion_pct,乙醇转化率,B7,4.4,7.0
250.0,c4_selectivity_pct,C4烯烃选择性,A1,34.05,1.0
250.0,c4_selectivity_pct,C4烯烃选择性,A2,18.07,2.0
250.0,c4_selectivity_pct,C4烯烃选择性,A3,5.5,9.0
250.0,c4_selectivity_pct,C4烯烃选择性,A4,9.62,3.0
250.0,c4_selectivity_pct,C4烯烃选择性,A5,1.96,19.0
250.0,c4_selectivity_pct,C4烯烃选择性,A6,3.3,15.0
250.0,c4_selectivity_pct,C4烯烃选择性,A7,5.75,7.0
250.0,c4_selectivity_pct,C4烯烃选择性,A8,5.63,8.0
250.0,c4_selectivity_pct,C4烯烃选择性,A9,5.4,10.0
250.0,c4_selectivity_pct,C4烯烃选择性,A10,2.19,18.0
250.0,c4_selectivity_pct,C4烯烃选择性,A11,0.1,21.0
250.0,c4_selectivity_pct,C4烯烃选择性,A12,6.17,6.0
250.0,c4_selectivity_pct,C4烯烃选择性,A13,5.19,11.0
250.0,c4_selectivity_pct,C4烯烃选择性,A14,1.89,20.0
250.0,c4_selectivity_pct,C4烯烃选择性,B1,6.32,5.0
250.0,c4_selectivity_pct,C4烯烃选择性,B2,3.26,16.0
250.0,c4_selectivity_pct,C4烯烃选择性,B3,2.85,17.0
250.0,c4_selectivity_pct,C4烯烃选择性,B4,6.62,4.0
250.0,c4_selectivity_pct,C4烯烃选择性,B5,4.3,13.0
250.0,c4_selectivity_pct,C4烯烃选择性,B6,4.5,12.0
250.0,c4_selectivity_pct,C4烯烃选择性,B7,4.08,14.0
275.0,ethanol_conversion_pct,乙醇转化率,A1,5.8517209865374,10.0
275.0,ethanol_conversion_pct,乙醇转化率,A2,17.1955389078373,3.0
275.0,ethanol_conversion_pct,乙醇转化率,A3,19.2369353731673,2.0
275.0,ethanol_conversion_pct,乙醇转化率,A4,12.0977578656973,6.0
275.0,ethanol_conversion_pct,乙醇转化率,A5,12.4240108083889,5.0
275.0,ethanol_conversion_pct,乙醇转化率,A6,12.780990768999,4.0
275.0,ethanol_conversion_pct,乙醇转化率,A7,29.044956254083,1.0
275.0,ethanol_conversion_pct,乙醇转化率,A8,8.76156996024858,7.0
275.0,ethanol_conversion_pct,乙醇转化率,A9,3.00257162012393,16.0
275.0,ethanol_conversion_pct,乙醇转化率,A10,1.01545342802349,19.0
275.0,ethanol_conversion_pct,乙醇转化率,A11,0.516312042222788,21.0
275.0,ethanol_conversion_pct,乙醇转化率,A12,3.47363039678394,14.0
275.0,ethanol_conversion_pct,乙醇转化率,A13,2.30545598480325,17.0
275.0,ethanol_conversion_pct,乙醇转化率,A14,5.33483516226759,11.0
275.0,ethanol_conversion_pct,乙醇转化率,B1,3.41791391326378,15.0
275.0,ethanol_conversion_pct,乙醇转化率,B2,4.40266107173201,12.0
275.0,ethanol_conversion_pct,乙醇转化率,B3,0.615197832146397,20.0
275.0,ethanol_conversion_pct,乙醇转化率,B4,1.11315662843161,18.0
275.0,ethanol_conversion_pct,乙醇转化率,B5,3.83357052176252,13.0
275.0,ethanol_conversion_pct,乙醇转化率,B6,7.51025282890253,9.0
275.0,ethanol_conversion_pct,乙醇转化率,B7,7.9,8.0
275.0,c4_selectivity_pct,C4烯烃选择性,A1,37.43,1.0
275.0,c4_selectivity_pct,C4烯烃选择性,A2,17.28,2.0
275.0,c4_selectivity_pct,C4烯烃选择性,A3,8.04,8.0
275.0,c4_selectivity_pct,C4烯烃选择性,A4,8.62,4.0
275.0,c4_selectivity_pct,C4烯烃选择性,A5,6.65,11.0
275.0,c4_selectivity_pct,C4烯烃选择性,A6,7.1,10.0
275.0,c4_selectivity_pct,C4烯烃选择性,A7,6.56,14.0
275.0,c4_selectivity_pct,C4烯烃选择性,A8,8.52,5.0
275.0,c4_selectivity_pct,C4烯烃选择性,A9,9.68,3.0
275.0,c4_selectivity_pct,C4烯烃选择性,A10,1.65,20.0
275.0,c4_selectivity_pct,C4烯烃选择性,A11,1.0,21.0
275.0,c4_selectivity_pct,C4烯烃选择性,A12,8.11,7.0
275.0,c4_selectivity_pct,C4烯烃选择性,A13,7.62,9.0
275.0,c4_selectivity_pct,C4烯烃选择性,A14,2.55,19.0
275.0,c4_selectivity_pct,C4烯烃选择性,B1,8.25,6.0
275.0,c4_selectivity_pct,C4烯烃选择性,B2,4.97,17.0
275.0,c4_selectivity_pct,C4烯烃选择性,B3,5.35,15.0
275.0,c4_selectivity_pct,C4烯烃选择性,B4,6.62,12.5
275.0,c4_selectivity_pct,C4烯烃选择性,B5,5.06,16.0
275.0,c4_selectivity_pct,C4烯烃选择性,B6,4.79,18.0
275.0,c4_selectivity_pct,C4烯烃选择性,B7,6.62,12.5
300.0,ethanol_conversion_pct,乙醇转化率,A1,14.9688914921879,7.0
300.0,ethanol_conversion_pct,乙醇转化率,A2,38.9222453049932,2.0
300.0,ethanol_conversion_pct,乙醇转化率,A3,29.2502335391358,4.0
300.0,ethanol_conversion_pct,乙醇转化率,A4,29.4765641102885,3.0
300.0,ethanol_conversion_pct,乙醇转化率,A5,20.8085764699292,6.0
300.0,ethanol_conversion_pct,乙醇转化率,A6,25.479216201846,5.0
300.0,ethanol_conversion_pct,乙醇转化率,A7,39.9843661922415,1.0
300.0,ethanol_conversion_pct,乙醇转化率,A8,13.1790478809351,8.0
300.0,ethanol_conversion_pct,乙醇转化率,A9,4.72920063011057,16.0
300.0,ethanol_conversion_pct,乙醇转化率,A10,1.68467573268495,19.0
300.0,ethanol_conversion_pct,乙醇转化率,A11,1.60755277655185,20.0
300.0,ethanol_conversion_pct,乙醇转化率,A12,6.914387607182,12.0
300.0,ethanol_conversion_pct,乙醇转化率,A13,4.06672930913986,17.0
300.0,ethanol_conversion_pct,乙醇转化率,A14,10.1520362574393,11.0
300.0,ethanol_conversion_pct,乙醇转化率,B1,6.72372576152924,13.0
300.0,ethanol_conversion_pct,乙醇转化率,B2,6.22356275018717,14.0
300.0,ethanol_conversion_pct,乙醇转化率,B3,1.14894845380593,21.0
300.0,ethanol_conversion_pct,乙醇转化率,B4,3.01498497672866,18.0
300.0,ethanol_conversion_pct,乙醇转化率,B5,5.81212036583176,15.0
300.0,ethanol_conversion_pct,乙醇转化率,B6,12.6192375239931,9.0
300.0,ethanol_conversion_pct,乙醇转化率,B7,11.7,10.0
300.0,c4_selectivity_pct,C4烯烃选择性,A1,46.94,1.0
300.0,c4_selectivity_pct,C4烯烃选择性,A2,19.6,2.0
300.0,c4_selectivity_pct,C4烯烃选择性,A3,17.01,3.0
300.0,c4_selectivity_pct,C4烯烃选择性,A4,10.72,10.0
300.0,c4_selectivity_pct,C4烯烃选择性,A5,10.12,11.0
300.0,c4_selectivity_pct,C4烯烃选择性,A6,7.18,17.0
300.0,c4_selectivity_pct,C4烯烃选择性,A7,8.84,13.0
300.0,c4_selectivity_pct,C4烯烃选择性,A8,13.82,5.0
300.0,c4_selectivity_pct,C4烯烃选择性,A9,16.1,4.0
300.0,c4_selectivity_pct,C4烯烃选择性,A10,2.17,20.0
300.0,c4_selectivity_pct,C4烯烃选择性,A11,1.82,21.0
300.0,c4_selectivity_pct,C4烯烃选择性,A12,11.22,9.0
300.0,c4_selectivity_pct,C4烯烃选择性,A13,12.74,7.0
300.0,c4_selectivity_pct,C4烯烃选择性,A14,3.61,19.0
300.0,c4_selectivity_pct,C4烯烃选择性,B1,12.28,8.0
300.0,c4_selectivity_pct,C4烯烃选择性,B2,9.32,12.0
300.0,c4_selectivity_pct,C4烯烃选择性,B3,7.61,16.0
300.0,c4_selectivity_pct,C4烯烃选择性,B4,5.05,18.0
300.0,c4_selectivity_pct,C4烯烃选择性,B5,7.92,15.0
300.0,c4_selectivity_pct,C4烯烃选择性,B6,8.77,14.0
300.0,c4_selectivity_pct,C4烯烃选择性,B7,12.86,6.0
350.0,ethanol_conversion_pct,乙醇转化率,A1,36.801016971268,7.0
350.0,ethanol_conversion_pct,乙醇转化率,A2,67.8792957456246,1.0
350.0,ethanol_conversion_pct,乙醇转化率,A3,48.9370446484212,5.0
350.0,ethanol_conversion_pct,乙醇转化率,A4,60.4684283526454,2.0
350.0,ethanol_conversion_pct,乙醇转化率,A5,36.8115789475551,6.0
350.0,ethanol_conversion_pct,乙醇转化率,A6,55.7550272411716,4.0
350.0,ethanol_conversion_pct,乙醇转化率,A7,58.6049967786163,3.0
350.0,ethanol_conversion_pct,乙醇转化率,A8,31.7206628928351,8.0
350.0,ethanol_conversion_pct,乙醇转化率,A9,13.3927447682896,17.0
350.0,ethanol_conversion_pct,乙醇转化率,A10,9.01884092947588,19.0
350.0,ethanol_conversion_pct,乙醇转化率,A11,8.20758112698906,20.0
350.0,ethanol_conversion_pct,乙醇转化率,A12,19.9122976584978,12.0
350.0,ethanol_conversion_pct,乙醇转化率,A13,14.6387758329042,16.0
350.0,ethanol_conversion_pct,乙醇转化率,A14,24.0318985551102,11.0
350.0,ethanol_conversion_pct,乙醇转化率,B1,19.3092626251229,13.0
350.0,ethanol_conversion_pct,乙醇转化率,B2,16.1870321046694,14.0
350.0,ethanol_conversion_pct,乙醇转化率,B3,6.01029955582901,21.0
350.0,ethanol_conversion_pct,乙醇转化率,B4,9.64336126696237,18.0
350.0,ethanol_conversion_pct,乙醇转化率,B5,15.8632612859104,15.0
350.0,ethanol_conversion_pct,乙醇转化率,B6,27.0309632091066,10.0
350.0,ethanol_conversion_pct,乙醇转化率,B7,30.2,9.0
350.0,c4_selectivity_pct,C4烯烃选择性,A1,47.21,1.0
350.0,c4_selectivity_pct,C4烯烃选择性,A2,39.1,2.0
350.0,c4_selectivity_pct,C4烯烃选择性,A3,36.85,3.0
350.0,c4_selectivity_pct,C4烯烃选择性,A4,27.25,5.0
350.0,c4_selectivity_pct,C4烯烃选择性,A5,18.75,13.0
350.0,c4_selectivity_pct,C4烯烃选择性,A6,10.65,19.0
350.0,c4_selectivity_pct,C4烯烃选择性,A7,18.64,14.0
350.0,c4_selectivity_pct,C4烯烃选择性,A8,25.89,7.0
350.0,c4_selectivity_pct,C4烯烃选择性,A9,31.04,4.0
350.0,c4_selectivity_pct,C4烯烃选择性,A10,3.3,21.0
350.0,c4_selectivity_pct,C4烯烃选择性,A11,4.35,20.0
350.0,c4_selectivity_pct,C4烯烃选择性,A12,22.26,12.0
350.0,c4_selectivity_pct,C4烯烃选择性,A13,23.46,9.0
350.0,c4_selectivity_pct,C4烯烃选择性,A14,10.83,18.0
350.0,c4_selectivity_pct,C4烯烃选择性,B1,25.97,6.0
350.0,c4_selectivity_pct,C4烯烃选择性,B2,22.88,10.0
350.0,c4_selectivity_pct,C4烯烃选择性,B3,13.81,16.0
350.0,c4_selectivity_pct,C4烯烃选择性,B4,13.1,17.0
350.0,c4_selectivity_pct,C4烯烃选择性,B5,15.34,15.0
350.0,c4_selectivity_pct,C4烯烃选择性,B6,22.41,11.0
350.0,c4_selectivity_pct,C4烯烃选择性,B7,25.05,8.0
