catalyst_id,response,response_cn,removed_temperature_c,full_slope_per_c,loo_slope_per_c,slope_direction_changed
A1,ethanol_conversion_pct,乙醇转化率,250.0,0.3331893326139868,0.39024142223466624,False
A1,ethanol_conversion_pct,乙醇转化率,275.0,0.3331893326139868,0.3235174623433551,False
A1,ethanol_conversion_pct,乙醇转化率,300.0,0.3331893326139868,0.33318933261398653,False
A1,ethanol_conversion_pct,乙醇转化率,325.0,0.3331893326139868,0.35903165157361383,False
A1,ethanol_conversion_pct,乙醇转化率,350.0,0.3331893326139868,0.2478389577875657,False
A1,c4_selectivity_pct,C4烯烃选择性,250.0,0.15436000000000022,0.1284000000000002,False
A1,c4_selectivity_pct,C4烯烃选择性,275.0,0.15436000000000022,0.14420571428571427,False
A1,c4_selectivity_pct,C4烯烃选择性,300.0,0.15436000000000022,0.15436000000000008,False
A1,c4_selectivity_pct,C4烯烃选择性,325.0,0.15436000000000022,0.13850285714285726,False
A1,c4_selectivity_pct,C4烯烃选择性,350.0,0.15436000000000022,0.22584000000000035,False
A2,ethanol_conversion_pct,乙醇转化率,250.0,0.6629580733870244,0.6780459417659747,False
A2,ethanol_conversion_pct,乙醇转化率,275.0,0.6629580733870244,0.6445179777139892,False
A2,ethanol_conversion_pct,乙醇转化率,300.0,0.6629580733870244,0.6629580733870238,False
A2,ethanol_conversion_pct,乙醇转化率,325.0,0.6629580733870244,0.6468894967404233,False
A2,ethanol_conversion_pct,乙醇转化率,350.0,0.6629580733870244,0.7082603815674369,False
A2,c4_selectivity_pct,C4烯烃选择性,250.0,0.22160000000000016,0.30592000000000047,False
A2,c4_selectivity_pct,C4烯烃选择性,275.0,0.22160000000000016,0.20952000000000004,False
A2,c4_selectivity_pct,C4烯烃选择性,300.0,0.22160000000000016,0.22159999999999994,False
A2,c4_selectivity_pct,C4烯烃选择性,325.0,0.22160000000000016,0.22076571428571418,False
A2,c4_selectivity_pct,C4烯烃选择性,350.0,0.22160000000000016,0.15988000000000005,False
A3,ethanol_conversion_pct,乙醇转化率,250.0,0.4195648852150723,0.422676606801635,False
A3,ethanol_conversion_pct,乙醇转化率,275.0,0.4195648852150723,0.4188423675153578,False
A3,ethanol_conversion_pct,乙醇转化率,300.0,0.4195648852150723,0.41848232221285037,False
A3,ethanol_conversion_pct,乙醇转化率,325.0,0.4195648852150723,0.4183453848458688,False
A3,ethanol_conversion_pct,乙醇转化率,350.0,0.4195648852150723,0.4207071815491455,False
A3,ethanol_conversion_pct,乙醇转化率,400.0,0.4195648852150723,0.38425333519330884,False
A3,ethanol_conversion_pct,乙醇转化率,450.0,0.4195648852150723,0.47909774393610993,False
A3,c4_selectivity_pct,C4烯烃选择性,250.0,0.26119760479041915,0.25835294117647073,False
A3,c4_selectivity_pct,C4烯烃选择性,275.0,0.26119760479041915,0.2484457142857142,False
A3,c4_selectivity_pct,C4烯烃选择性,300.0,0.26119760479041915,0.258029411764706,False
A3,c4_selectivity_pct,C4烯烃选择性,325.0,0.26119760479041915,0.26247157894736833,False
A3,c4_selectivity_pct,C4烯烃选择性,350.0,0.26119760479041915,0.25859154929577466,False
A3,c4_selectivity_pct,C4烯烃选择性,400.0,0.26119760479041915,0.23675999999999986,False
A3,c4_selectivity_pct,C4烯烃选择性,450.0,0.26119760479041915,0.33839999999999987,False
A4,ethanol_conversion_pct,乙醇转化率,250.0,0.5817118466789496,0.6090617256570658,False
A4,ethanol_conversion_pct,乙醇转化率,275.0,0.5817118466789496,0.5685034472064634,False
A4,ethanol_conversion_pct,乙醇转化率,300.0,0.5817118466789496,0.5810576855694704,False
A4,ethanol_conversion_pct,乙醇转化率,325.0,0.5817118466789496,0.582511728121307,False
A4,ethanol_conversion_pct,乙醇转化率,350.0,0.5817118466789496,0.5773641270777264,False
A4,ethanol_conversion_pct,乙醇转化率,400.0,0.5817118466789496,0.5765037526742489,False
A4,c4_selectivity_pct,C4烯烃选择性,250.0,0.22662285714285701,0.2731081081081079,False
A4,c4_selectivity_pct,C4烯烃选择性,275.0,0.22662285714285701,0.22146000000000013,False
A4,c4_selectivity_pct,C4烯烃选择性,300.0,0.22662285714285701,0.21980701754385962,False
A4,c4_selectivity_pct,C4烯烃选择性,325.0,0.22662285714285701,0.2282448275862068,False
A4,c4_selectivity_pct,C4烯烃选择性,350.0,0.22662285714285701,0.22558867924528303,False
A4,c4_selectivity_pct,C4烯烃选择性,400.0,0.22662285714285701,0.18212000000000006,False
A5,ethanol_conversion_pct,乙醇转化率,250.0,0.4078621995267561,0.4981943254755092,False
A5,ethanol_conversion_pct,乙醇转化率,275.0,0.4078621995267561,0.3994018976144599,False
A5,ethanol_conversion_pct,乙醇转化率,300.0,0.4078621995267561,0.4023505296254191,False
A5,ethanol_conversion_pct,乙醇转化率,325.0,0.4078621995267561,0.41240241358674173,False
A5,ethanol_conversion_pct,乙醇转化率,350.0,0.4078621995267561,0.43297064421631004,False
A5,ethanol_conversion_pct,乙醇转化率,400.0,0.4078621995267561,0.23989466496122286,False
A5,c4_selectivity_pct,C4烯烃选择性,250.0,0.22970857142857123,0.24999459459459428,False
A5,c4_selectivity_pct,C4烯烃选择性,275.0,0.22970857142857123,0.23488,False
A5,c4_selectivity_pct,C4烯烃选择性,300.0,0.22970857142857123,0.22833333333333328,False
A5,c4_selectivity_pct,C4烯烃选择性,325.0,0.22970857142857123,0.2317655172413792,False
A5,c4_selectivity_pct,C4烯烃选择性,350.0,0.22970857142857123,0.24128679245283013,False
A5,c4_selectivity_pct,C4烯烃选择性,400.0,0.22970857142857123,0.16316000000000008,False
A6,ethanol_conversion_pct,乙醇转化率,250.0,0.5015334253283851,0.5706195672732208,False
A6,ethanol_conversion_pct,乙醇转化率,275.0,0.5015334253283851,0.48030093876393587,False
A6,ethanol_conversion_pct,乙醇转化率,300.0,0.5015334253283851,0.49474454817479213,False
A6,ethanol_conversion_pct,乙醇转化率,350.0,0.5015334253283851,0.501361687728376,False
A6,ethanol_conversion_pct,乙醇转化率,400.0,0.5015334253283851,0.4516636708194827,False
A6,c4_selectivity_pct,C4烯烃选择性,250.0,0.20273103448275864,0.23239322033898288,False
A6,c4_selectivity_pct,C4烯烃选择性,275.0,0.20273103448275864,0.2111200000000002,False
A6,c4_selectivity_pct,C4烯烃选择性,300.0,0.20273103448275864,0.19891868131868148,False
A6,c4_selectivity_pct,C4烯烃选择性,350.0,0.20273103448275864,0.23497349397590353,False
A6,c4_selectivity_pct,C4烯烃选择性,400.0,0.20273103448275864,0.06700571428571428,False
A7,ethanol_conversion_pct,乙醇转化率,250.0,0.37753672957260026,0.3734170381444238,False
A7,ethanol_conversion_pct,乙醇转化率,275.0,0.37753672957260026,0.37546800984751544,False
A7,ethanol_conversion_pct,乙醇转化率,300.0,0.37753672957260026,0.3788340637715969,False
A7,ethanol_conversion_pct,乙醇转化率,350.0,0.37753672957260026,0.37508215553538643,False
A7,ethanol_conversion_pct,乙醇转化率,400.0,0.37753672957260026,0.3916576325797233,False
A7,c4_selectivity_pct,C4烯烃选择性,250.0,0.1868896551724137,0.21588474576271174,False
A7,c4_selectivity_pct,C4烯烃选择性,275.0,0.1868896551724137,0.18460000000000013,False
A7,c4_selectivity_pct,C4烯烃选择性,300.0,0.1868896551724137,0.18298021978021994,False
A7,c4_selectivity_pct,C4烯烃选择性,350.0,0.1868896551724137,0.1953542168674698,False
A7,c4_selectivity_pct,C4烯烃选择性,400.0,0.1868896551724137,0.13333714285714282,False
A8,ethanol_conversion_pct,乙醇转化率,250.0,0.33963413225168426,0.384876547472259,False
A8,ethanol_conversion_pct,乙醇转化率,275.0,0.33963413225168426,0.3361871472724661,False
A8,ethanol_conversion_pct,乙醇转化率,300.0,0.33963413225168426,0.33312627955224244,False
A8,ethanol_conversion_pct,乙醇转化率,350.0,0.33963413225168426,0.35102039375417154,False
A8,ethanol_conversion_pct,乙醇转化率,400.0,0.33963413225168426,0.2611658805735798,False
A8,c4_selectivity_pct,C4烯烃选择性,250.0,0.2422620689655171,0.2627186440677965,False
A8,c4_selectivity_pct,C4烯烃选择性,275.0,0.2422620689655171,0.23888000000000018,False
A8,c4_selectivity_pct,C4烯烃选择性,300.0,0.2422620689655171,0.24014945054945072,False
A8,c4_selectivity_pct,C4烯烃选择性,350.0,0.2422620689655171,0.24781204819277106,False
A8,c4_selectivity_pct,C4烯烃选择性,400.0,0.2422620689655171,0.20783999999999994,False
A9,ethanol_conversion_pct,乙醇转化率,250.0,0.2491040368637237,0.29713754472686477,False
A9,ethanol_conversion_pct,乙醇转化率,275.0,0.2491040368637237,0.24979109602027477,False
A9,ethanol_conversion_pct,乙醇转化率,300.0,0.2491040368637237,0.24339519230662238,False
A9,ethanol_conversion_pct,乙醇转化率,350.0,0.2491040368637237,0.2764997254383413,False
A9,ethanol_conversion_pct,乙醇转化率,400.0,0.2491040368637237,0.11643892276525519,False
A9,c4_selectivity_pct,C4烯烃选择性,250.0,0.2537999999999999,0.2630101694915252,False
A9,c4_selectivity_pct,C4烯烃选择性,275.0,0.2537999999999999,0.24972000000000014,False
A9,c4_selectivity_pct,C4烯烃选择性,300.0,0.2537999999999999,0.25255384615384624,False
A9,c4_selectivity_pct,C4烯烃选择性,350.0,0.2537999999999999,0.24939759036144574,False
A9,c4_selectivity_pct,C4烯烃选择性,400.0,0.2537999999999999,0.2612799999999999,False
A10,ethanol_conversion_pct,乙醇转化率,250.0,0.18341356661959354,0.21968295701719023,False
A10,ethanol_conversion_pct,乙醇转化率,275.0,0.18341356661959354,0.18431489114028718,False
A10,ethanol_conversion_pct,乙醇转化率,300.0,0.18341356661959354,0.17854659642532342,False
A10,ethanol_conversion_pct,乙醇转化率,350.0,0.18341356661959354,0.20205987604316292,False
A10,ethanol_conversion_pct,乙醇转化率,400.0,0.18341356661959354,0.08864929834555535,False
A10,c4_selectivity_pct,C4烯烃选择性,250.0,0.051672413793103424,0.06602711864406775,False
A10,c4_selectivity_pct,C4烯烃选择性,275.0,0.051672413793103424,0.050860000000000044,False
A10,c4_selectivity_pct,C4烯烃选择性,300.0,0.051672413793103424,0.05038681318681327,False
A10,c4_selectivity_pct,C4烯烃选择性,350.0,0.051672413793103424,0.05986506024096382,False
A10,c4_selectivity_pct,C4烯烃选择性,400.0,0.051672413793103424,0.013245714285714274,False
A11,ethanol_conversion_pct,乙醇转化率,250.0,0.206768755516458,0.2511638307810918,False
A11,ethanol_conversion_pct,乙醇转化率,275.0,0.206768755516458,0.2073948960744287,False
A11,ethanol_conversion_pct,乙醇转化率,300.0,0.206768755516458,0.20159762187150473,False
A11,ethanol_conversion_pct,乙醇转化率,350.0,0.206768755516458,0.23260922157733907,False
A11,ethanol_conversion_pct,乙醇转化率,400.0,0.206768755516458,0.08266629247036086,False
A11,c4_selectivity_pct,C4烯烃选择性,250.0,0.0518965517241379,0.0557152542372881,False
A11,c4_selectivity_pct,C4烯烃选择性,275.0,0.0518965517241379,0.05204000000000003,False
A11,c4_selectivity_pct,C4烯烃选择性,300.0,0.0518965517241379,0.05131428571428576,False
A11,c4_selectivity_pct,C4烯烃选择性,350.0,0.0518965517241379,0.053604819277108424,False
A11,c4_selectivity_pct,C4烯烃选择性,400.0,0.0518965517241379,0.042594285714285696,False
A12,ethanol_conversion_pct,乙醇转化率,250.0,0.28593313470969256,0.3279911291219903,False
A12,ethanol_conversion_pct,乙醇转化率,275.0,0.28593313470969256,0.28455536445829177,False
A12,ethanol_conversion_pct,乙醇转化率,300.0,0.28593313470969256,0.28058981991383203,False
A12,ethanol_conversion_pct,乙醇转化率,350.0,0.28593313470969256,0.3039838927003161,False
A12,ethanol_conversion_pct,乙醇转化率,400.0,0.28593313470969256,0.18927109708078188,False
A12,c4_selectivity_pct,C4烯烃选择性,250.0,0.20488620689655168,0.2284677966101694,False
A12,c4_selectivity_pct,C4烯烃选择性,275.0,0.20488620689655168,0.2028600000000001,False
A12,c4_selectivity_pct,C4烯烃选择性,300.0,0.20488620689655168,0.20156483516483537,False
A12,c4_selectivity_pct,C4烯烃选择性,350.0,0.20488620689655168,0.21069879518072282,False
A12,c4_selectivity_pct,C4烯烃选择性,400.0,0.20488620689655168,0.1646171428571428,False
A13,ethanol_conversion_pct,乙醇转化率,250.0,0.25348927190980897,0.3005778131864392,False
A13,ethanol_conversion_pct,乙醇转化率,275.0,0.25348927190980897,0.2533453282592519,False
A13,ethanol_conversion_pct,乙醇转化率,300.0,0.25348927190980897,0.2474075870051306,False
A13,ethanol_conversion_pct,乙醇转化率,350.0,0.25348927190980897,0.2761401298396493,False
A13,ethanol_conversion_pct,乙醇转化率,400.0,0.25348927190980897,0.13653794833473515,False
A13,c4_selectivity_pct,C4烯烃选择性,250.0,0.16277241379310342,0.1661762711864406,False
A13,c4_selectivity_pct,C4烯烃选择性,275.0,0.16277241379310342,0.1577600000000001,False
A13,c4_selectivity_pct,C4烯烃选择性,300.0,0.16277241379310342,0.16250549450549465,False
A13,c4_selectivity_pct,C4烯烃选择性,350.0,0.16277241379310342,0.1547469879518072,False
A13,c4_selectivity_pct,C4烯烃选择性,400.0,0.16277241379310342,0.18821714285714283,False
A14,ethanol_conversion_pct,乙醇转化率,250.0,0.3359113498328598,0.3817558124779675,False
A14,ethanol_conversion_pct,乙醇转化率,275.0,0.3359113498328598,0.3344951340953708,False
A14,ethanol_conversion_pct,乙醇转化率,300.0,0.3359113498328598,0.3307228180723915,False
A14,ethanol_conversion_pct,乙醇转化率,350.0,0.3359113498328598,0.35902093655717776,False
A14,ethanol_conversion_pct,乙醇转化率,400.0,0.3359113498328598,0.22055519711920443,False
A14,c4_selectivity_pct,C4烯烃选择性,250.0,0.13762413793103442,0.1605355932203389,False
A14,c4_selectivity_pct,C4烯烃选择性,275.0,0.13762413793103442,0.13690000000000013,False
A14,c4_selectivity_pct,C4烯烃选择性,300.0,0.13762413793103442,0.13424615384615396,False
A14,c4_selectivity_pct,C4烯烃选择性,350.0,0.13762413793103442,0.14512289156626504,False
A14,c4_selectivity_pct,C4烯烃选择性,400.0,0.13762413793103442,0.09165714285714281,False
B1,ethanol_conversion_pct,乙醇转化率,250.0,0.27947122091931875,0.32074428619150797,False
B1,ethanol_conversion_pct,乙醇转化率,275.0,0.27947122091931875,0.27829464910703294,False
B1,ethanol_conversion_pct,乙醇转化率,300.0,0.27947122091931875,0.2742293154760808,False
B1,ethanol_conversion_pct,乙醇转化率,350.0,0.27947122091931875,0.297563727266851,False
B1,ethanol_conversion_pct,乙醇转化率,400.0,0.27947122091931875,0.18330979984541124,False
B1,c4_selectivity_pct,C4烯烃选择性,250.0,0.23970689655172403,0.26721355932203367,False
B1,c4_selectivity_pct,C4烯烃选择性,275.0,0.23970689655172403,0.23594000000000018,False
B1,c4_selectivity_pct,C4烯烃选择性,300.0,0.23970689655172403,0.23587692307692326,False
B1,c4_selectivity_pct,C4烯烃选择性,350.0,0.23970689655172403,0.24375421686746976,False
B1,c4_selectivity_pct,C4烯烃选择性,400.0,0.23970689655172403,0.20230857142857137,False
B2,ethanol_conversion_pct,乙醇转化率,250.0,0.2726886200917991,0.32156404259357707,False
B2,ethanol_conversion_pct,乙醇转化率,275.0,0.2726886200917991,0.27416022826023495,False
B2,ethanol_conversion_pct,乙醇转化率,300.0,0.2726886200917991,0.2665852199400663,False
B2,ethanol_conversion_pct,乙醇转化率,350.0,0.2726886200917991,0.30068650636788136,False
B2,ethanol_conversion_pct,乙醇转化率,400.0,0.2726886200917991,0.13640879928646005,False
B2,c4_selectivity_pct,C4烯烃选择性,250.0,0.24412413793103444,0.27322711864406757,False
B2,c4_selectivity_pct,C4烯烃选择性,275.0,0.24412413793103444,0.23976000000000017,False
B2,c4_selectivity_pct,C4烯烃选择性,300.0,0.24412413793103444,0.24037362637362658,False
B2,c4_selectivity_pct,C4烯烃选择性,350.0,0.24412413793103444,0.24915180722891567,False
B2,c4_selectivity_pct,C4烯烃选择性,400.0,0.24412413793103444,0.20286857142857131,False
B3,ethanol_conversion_pct,乙醇转化率,250.0,0.13131179069210197,0.16351186101644927,False
B3,ethanol_conversion_pct,乙醇转化率,275.0,0.13131179069210197,0.1339548382692301,False
B3,ethanol_conversion_pct,乙醇转化率,300.0,0.13131179069210197,0.12838086823405145,False
B3,ethanol_conversion_pct,乙醇转化率,325.0,0.13131179069210197,0.13354269595315854,False
B3,ethanol_conversion_pct,乙醇转化率,350.0,0.13131179069210197,0.14276090973796784,False
B3,ethanol_conversion_pct,乙醇转化率,400.0,0.13131179069210197,0.05560426207928066,False
B3,c4_selectivity_pct,C4烯烃选择性,250.0,0.12017714285714279,0.1296918918918918,False
B3,c4_selectivity_pct,C4烯烃选择性,275.0,0.12017714285714279,0.12256000000000003,False
B3,c4_selectivity_pct,C4烯烃选择性,300.0,0.12017714285714279,0.11996842105263156,False
B3,c4_selectivity_pct,C4烯烃选择性,325.0,0.12017714285714279,0.12226206896551721,False
B3,c4_selectivity_pct,C4烯烃选择性,350.0,0.12017714285714279,0.12004905660377359,False
B3,c4_selectivity_pct,C4烯烃选择性,400.0,0.12017714285714279,0.09724000000000003,False
B4,ethanol_conversion_pct,乙醇转化率,250.0,0.20775826013579674,0.2546151199994146,False
B4,ethanol_conversion_pct,乙醇转化率,275.0,0.20775826013579674,0.21093042347030416,False
B4,ethanol_conversion_pct,乙醇转化率,300.0,0.20775826013579674,0.20425076915829352,False
B4,ethanol_conversion_pct,乙醇转化率,325.0,0.20775826013579674,0.21096712297179235,False
B4,ethanol_conversion_pct,乙醇转化率,350.0,0.20775826013579674,0.22665221949587888,False
B4,ethanol_conversion_pct,乙醇转化率,400.0,0.20775826013579674,0.09256310467445152,False
B4,c4_selectivity_pct,C4烯烃选择性,250.0,0.10232571428571424,0.1304054054054052,False
B4,c4_selectivity_pct,C4烯烃选择性,275.0,0.10232571428571424,0.10508000000000003,False
B4,c4_selectivity_pct,C4烯烃选择性,300.0,0.10232571428571424,0.09749824561403506,False
B4,c4_selectivity_pct,C4烯烃选择性,325.0,0.10232571428571424,0.10419999999999995,False
B4,c4_selectivity_pct,C4烯烃选择性,350.0,0.10232571428571424,0.1038528301886792,False
B4,c4_selectivity_pct,C4烯烃选择性,400.0,0.10232571428571424,0.05868000000000001,False
B5,ethanol_conversion_pct,乙醇转化率,250.0,0.2715966154975071,0.3277692453795157,False
B5,ethanol_conversion_pct,乙醇转化率,275.0,0.2715966154975071,0.27726608977580686,False
B5,ethanol_conversion_pct,乙醇转化率,300.0,0.2715966154975071,0.2668331109728846,False
B5,ethanol_conversion_pct,乙醇转化率,325.0,0.2715966154975071,0.27588057946903893,False
B5,ethanol_conversion_pct,乙醇转化率,350.0,0.2715966154975071,0.29249529271589275,False
B5,ethanol_conversion_pct,乙醇转化率,400.0,0.2715966154975071,0.13373897291474257,False
B5,c4_selectivity_pct,C4烯烃选择性,250.0,0.14617714285714278,0.16654594594594582,False
B5,c4_selectivity_pct,C4烯烃选择性,275.0,0.14617714285714278,0.14402000000000004,False
B5,c4_selectivity_pct,C4烯烃选择性,300.0,0.14617714285714278,0.14430526315789474,False
B5,c4_selectivity_pct,C4烯烃选择性,325.0,0.14617714285714278,0.1470172413793103,False
B5,c4_selectivity_pct,C4烯烃选择性,350.0,0.14617714285714278,0.1498679245283019,False
B5,c4_selectivity_pct,C4烯烃选择性,400.0,0.14617714285714278,0.11484000000000005,False
B6,ethanol_conversion_pct,乙醇转化率,250.0,0.38371434533672977,0.4429027123178511,False
B6,ethanol_conversion_pct,乙醇转化率,275.0,0.38371434533672977,0.3916858639333706,False
B6,ethanol_conversion_pct,乙醇转化率,300.0,0.38371434533672977,0.38021821300105624,False
B6,ethanol_conversion_pct,乙醇转化率,325.0,0.38371434533672977,0.3898137427943165,False
B6,ethanol_conversion_pct,乙醇转化率,350.0,0.38371434533672977,0.40564637815451304,False
B6,ethanol_conversion_pct,乙醇转化率,400.0,0.38371434533672977,0.22749719506142513,False
B6,c4_selectivity_pct,C4烯烃选择性,250.0,0.1902914285714284,0.2135081081081079,False
B6,c4_selectivity_pct,C4烯烃选择性,275.0,0.1902914285714284,0.18316000000000007,False
B6,c4_selectivity_pct,C4烯烃选择性,300.0,0.1902914285714284,0.18669824561403509,False
B6,c4_selectivity_pct,C4烯烃选择性,325.0,0.1902914285714284,0.19031034482758616,False
B6,c4_selectivity_pct,C4烯烃选择性,350.0,0.1902914285714284,0.18556603773584907,False
B6,c4_selectivity_pct,C4烯烃选择性,400.0,0.1902914285714284,0.18836,False
B7,ethanol_conversion_pct,乙醇转化率,250.0,0.41971428571428554,0.4959459459459455,False
B7,ethanol_conversion_pct,乙醇转化率,275.0,0.41971428571428554,0.4270000000000001,False
B7,ethanol_conversion_pct,乙醇转化率,300.0,0.41971428571428554,0.412877192982456,False
B7,ethanol_conversion_pct,乙醇转化率,325.0,0.41971428571428554,0.42610344827586216,False
B7,ethanol_conversion_pct,乙醇转化率,350.0,0.41971428571428554,0.4419245283018867,False
B7,ethanol_conversion_pct,乙醇转化率,400.0,0.41971428571428554,0.24600000000000005,False
B7,c4_selectivity_pct,C4烯烃选择性,250.0,0.23365142857142845,0.2519729729729728,False
B7,c4_selectivity_pct,C4烯烃选择性,275.0,0.23365142857142845,0.22892000000000004,False
B7,c4_selectivity_pct,C4烯烃选择性,300.0,0.23365142857142845,0.23255087719298237,False
B7,c4_selectivity_pct,C4烯烃选择性,325.0,0.23365142857142845,0.23436551724137927,False
B7,c4_selectivity_pct,C4烯烃选择性,350.0,0.23365142857142845,0.23448679245283016,False
B7,c4_selectivity_pct,C4烯烃选择性,400.0,0.23365142857142845,0.2150800000000001,False
