catalyst_id,response,response_cn,observed_temperature_count,lowest_temperature_c,highest_temperature_c,lowest_temperature_value_pct,highest_temperature_value_pct,total_change_pct_point,up_interval_count,down_interval_count,flat_interval_count,change_type,rank_direction_score
A1,ethanol_conversion_pct,乙醇转化率,5,250.0,350.0,2.06716944958221,36.801016971268,34.73384752168579,4,0,0,各相邻温度条件中，较高温度对应较高值,0.9999999999999999
A1,c4_selectivity_pct,C4烯烃选择性,5,250.0,350.0,34.05,47.21,13.160000000000004,3,1,0,最高温度条件低于前一温度，其余较高温度对应较高值,0.8999999999999998
A2,ethanol_conversion_pct,乙醇转化率,5,250.0,350.0,4.60299723489029,67.8792957456246,63.276298510734314,4,0,0,各相邻温度条件中，较高温度对应较高值,0.9999999999999999
A2,c4_selectivity_pct,C4烯烃选择性,5,250.0,350.0,18.07,39.1,21.03,3,1,0,275℃低于250℃，其余较高温度对应较高值,0.8999999999999998
A3,ethanol_conversion_pct,乙醇转化率,7,250.0,450.0,9.6693729570379,86.4097027402944,76.7403297832565,6,0,0,各相邻温度条件中，较高温度对应较高值,1.0
A3,c4_selectivity_pct,C4烯烃选择性,7,250.0,450.0,5.5,49.9,44.4,5,1,0,最高温度条件低于前一温度，其余较高温度对应较高值,0.9642857142857145
A4,ethanol_conversion_pct,乙醇转化率,6,250.0,400.0,4.0193913236899,88.4393444439815,84.4199531202916,5,0,0,各相邻温度条件中，较高温度对应较高值,1.0
A4,c4_selectivity_pct,C4烯烃选择性,6,250.0,400.0,9.62,41.02,31.400000000000006,4,1,0,275℃低于250℃，其余较高温度对应较高值,0.942857142857143
A5,ethanol_conversion_pct,乙醇转化率,6,250.0,400.0,14.7871833611187,76.0198321376534,61.232648776534695,4,1,0,275℃低于250℃，其余较高温度对应较高值,0.942857142857143
A5,c4_selectivity_pct,C4烯烃选择性,6,250.0,400.0,1.96,38.23,36.269999999999996,5,0,0,各相邻温度条件中，较高温度对应较高值,1.0
A6,ethanol_conversion_pct,乙醇转化率,5,250.0,400.0,13.3893967283351,83.3476161758825,69.95821944754739,3,1,0,275℃低于250℃，其余较高温度对应较高值,0.8999999999999998
A6,c4_selectivity_pct,C4烯烃选择性,5,250.0,400.0,3.3,37.33,34.03,4,0,0,各相邻温度条件中，较高温度对应较高值,0.9999999999999999
A7,ethanol_conversion_pct,乙醇转化率,5,250.0,400.0,19.6562914186116,76.0274161977392,56.3711247791276,4,0,0,各相邻温度条件中，较高温度对应较高值,0.9999999999999999
A7,c4_selectivity_pct,C4烯烃选择性,5,250.0,400.0,5.75,33.25,27.5,4,0,0,各相邻温度条件中，较高温度对应较高值,0.9999999999999999
A8,ethanol_conversion_pct,乙醇转化率,5,250.0,400.0,6.26573693340327,56.1163898081809,49.85065287477763,4,0,0,各相邻温度条件中，较高温度对应较高值,0.9999999999999999
A8,c4_selectivity_pct,C4烯烃选择性,5,250.0,400.0,5.63,41.42,35.79,4,0,0,各相邻温度条件中，较高温度对应较高值,0.9999999999999999
A9,ethanol_conversion_pct,乙醇转化率,5,250.0,400.0,2.05316160924955,40.7971628999023,38.74400129065275,4,0,0,各相邻温度条件中，较高温度对应较高值,0.9999999999999999
A9,c4_selectivity_pct,C4烯烃选择性,5,250.0,400.0,5.4,42.04,36.64,4,0,0,各相邻温度条件中，较高温度对应较高值,0.9999999999999999
A10,ethanol_conversion_pct,乙醇转化率,5,250.0,400.0,0.319963965933778,28.5943907570513,28.274426791117524,4,0,0,各相邻温度条件中，较高温度对应较高值,0.9999999999999999
A10,c4_selectivity_pct,C4烯烃选择性,5,250.0,400.0,2.19,10.29,8.1,3,1,0,275℃低于250℃，其余较高温度对应较高值,0.7
A11,ethanol_conversion_pct,乙醇转化率,5,250.0,400.0,0.227691554459886,32.5934981167189,32.36580656225901,4,0,0,各相邻温度条件中，较高温度对应较高值,0.9999999999999999
A11,c4_selectivity_pct,C4烯烃选择性,5,250.0,400.0,0.1,7.93,7.83,4,0,0,各相邻温度条件中，较高温度对应较高值,0.9999999999999999
A12,ethanol_conversion_pct,乙醇转化率,5,250.0,400.0,1.44170934251802,44.534966735128,43.093257392609985,4,0,0,各相邻温度条件中，较高温度对应较高值,0.9999999999999999
A12,c4_selectivity_pct,C4烯烃选择性,5,250.0,400.0,6.17,36.3,30.129999999999995,4,0,0,各相邻温度条件中，较高温度对应较高值,0.9999999999999999
A13,ethanol_conversion_pct,乙醇转化率,5,250.0,400.0,1.34694843685351,40.047154305474,38.70020586862049,4,0,0,各相邻温度条件中，较高温度对应较高值,0.9999999999999999
A13,c4_selectivity_pct,C4烯烃选择性,5,250.0,400.0,5.19,27.91,22.72,4,0,0,各相邻温度条件中，较高温度对应较高值,0.9999999999999999
A14,ethanol_conversion_pct,乙醇转化率,5,250.0,400.0,2.49268861247491,53.6152568624797,51.12256825000479,4,0,0,各相邻温度条件中，较高温度对应较高值,0.9999999999999999
A14,c4_selectivity_pct,C4烯烃选择性,5,250.0,400.0,1.89,22.3,20.41,4,0,0,各相邻温度条件中，较高温度对应较高值,0.9999999999999999
B1,ethanol_conversion_pct,乙醇转化率,5,250.0,400.0,1.40818182615844,43.595444389466,42.18726256330756,4,0,0,各相邻温度条件中，较高温度对应较高值,0.9999999999999999
B1,c4_selectivity_pct,C4烯烃选择性,5,250.0,400.0,6.32,41.08,34.76,4,0,0,各相邻温度条件中，较高温度对应较高值,0.9999999999999999
B2,ethanol_conversion_pct,乙醇转化率,5,250.0,400.0,2.76302415733759,45.1352390825493,42.37221492521171,4,0,0,各相邻温度条件中，较高温度对应较高值,0.9999999999999999
B2,c4_selectivity_pct,C4烯烃选择性,5,250.0,400.0,3.26,38.7,35.440000000000005,4,0,0,各相邻温度条件中，较高温度对应较高值,0.9999999999999999
B3,ethanol_conversion_pct,乙醇转化率,6,250.0,400.0,0.394774301814516,21.1001303126785,20.705356010863984,5,0,0,各相邻温度条件中，较高温度对应较高值,1.0
B3,c4_selectivity_pct,C4烯烃选择性,6,250.0,400.0,2.85,21.21,18.36,5,0,0,各相邻温度条件中，较高温度对应较高值,1.0
B4,ethanol_conversion_pct,乙醇转化率,6,250.0,400.0,0.543983713140717,33.4895955281135,32.94561181497278,5,0,0,各相邻温度条件中，较高温度对应较高值,1.0
B4,c4_selectivity_pct,C4烯烃选择性,6,250.0,400.0,6.62,21.45,14.829999999999998,3,1,1,存在其他相邻温度条件反向差异,0.8116794499134279
B5,ethanol_conversion_pct,乙醇转化率,6,250.0,400.0,2.12124689485722,44.9818815507988,42.86063465594158,5,0,0,各相邻温度条件中，较高温度对应较高值,1.0
B5,c4_selectivity_pct,C4烯烃选择性,6,250.0,400.0,4.3,25.83,21.529999999999998,5,0,0,各相邻温度条件中，较高温度对应较高值,1.0
B6,ethanol_conversion_pct,乙醇转化率,6,250.0,400.0,2.7681694785164,63.2452382390403,60.4770687605239,5,0,0,各相邻温度条件中，较高温度对应较高值,1.0
B6,c4_selectivity_pct,C4烯烃选择性,6,250.0,400.0,4.5,30.48,25.98,5,0,0,各相邻温度条件中，较高温度对应较高值,1.0
B7,ethanol_conversion_pct,乙醇转化率,6,250.0,400.0,4.4,69.4,65.0,5,0,0,各相邻温度条件中，较高温度对应较高值,1.0
B7,c4_selectivity_pct,C4烯烃选择性,6,250.0,400.0,4.08,38.17,34.09,5,0,0,各相邻温度条件中，较高温度对应较高值,1.0
