relative_path,sha256,producer
output/q2/figures/01_additive_combination_effects.pdf,60adf1877b76d37828002994de1b60a855b6eeb5475c2003119e3602fd7205ac,src/q2/03_additive_effects.py
output/q2/figures/01_additive_combination_effects.png,d0f46f4d5750dc68d04cfcf5ab52c5e4ba40ccd7b30df927e19f2c2356f886a6,src/q2/03_additive_effects.py
output/q2/figures/02_additive_temperature_effects.pdf,989aa7cff8c4c303c28151ee535d592b39f806008c83149fe1f69bc6982ebfba,src/q2/03_additive_effects.py
output/q2/figures/02_additive_temperature_effects.png,731d701fb989d1bd478856bffea46e48e5517aea88147d4ca5bb7551767bda9a,src/q2/03_additive_effects.py
output/q2/figures/03_nonadditive_residual_heatmaps.pdf,f10e92b0f814ba868b043eb91e4856d0d789a1dbd296e50a3d14a8bc9ef084f0,src/q2/03_additive_effects.py
output/q2/figures/03_nonadditive_residual_heatmaps.png,69f993dbe59221b47cdd31d3fbfa53edc1b4450db0b746de0d906d428a914695,src/q2/03_additive_effects.py
output/q2/formal_summary.json,d8031f3fb73cf43c84388a16fd0ff36c32eca40d3195a12f5066a6fc05cb912b,src/q2/03_additive_effects.py
output/q2/summary.json,d66f8475c2b06879386253643546f8b1489b8295c23458d26e0a358770a8cf4d,src/q2/01_common_temperature_baseline.py
output/q2/tables/additive_cell_residuals.csv,40d2030eb76573c30b854bb98282b5ef8cf8082875114b00a3c91397c06f45e7,src/q2/03_additive_effects.py
output/q2/tables/additive_combination_effects.csv,5ab078fede62fb67e81019aba518e5c965625212047dcadf276f611ba21d67e5,src/q2/03_additive_effects.py
output/q2/tables/additive_decomposition.csv,2e869aaca1e5d71a841ec2f2b2462668ccf01e26b2bf8d971d901ffc532a8333,src/q2/03_additive_effects.py
output/q2/tables/additive_temperature_effects.csv,8cb8702fceafab3bbf12fe7073312f2cd5b7ee8cce5e9ac5ef2e68bad35d029f,src/q2/03_additive_effects.py
output/q2/tables/combination_adjusted_profiles.csv,0d7689ebff14e12a9ceed36004194b1b0318fc1063dd201c62d133cd2351423d,src/q2/03_additive_effects.py
output/q2/tables/common_temperature_distributions.csv,044ea5bd104252c6d6266a658c6ff58c44dac985ff1eb3081bd8452f7875ef13,src/q2/01_common_temperature_baseline.py
output/q2/tables/common_temperature_paired_change_summary.csv,61932a1005d299ffc1ad2dd419d9cff806ca770476cdcc9469c80e8eb2e9a7d4,src/q2/01_common_temperature_baseline.py
output/q2/tables/common_temperature_paired_changes.csv,245d684b41f9d736fcb45702e116da9dbced1b88dec5953935d620ce5734b257,src/q2/01_common_temperature_baseline.py
output/q2/tables/common_temperature_rank_pair_summary.csv,722a05b342ba20eda870403701895388d13cfa7c975f46f3a1f2832dd10be5c9,src/q2/01_common_temperature_baseline.py
output/q2/tables/common_temperature_rank_stability.csv,7dadf52bdf6a933b2573543b887a81aa451467b9731cd5016e2c4d9adc4632d7,src/q2/01_common_temperature_baseline.py
output/q2/tables/common_temperature_ranks.csv,57e41188fee5f35331c15077643f3daa08b1f432d3f82880dba89ca9da8c521a,src/q2/01_common_temperature_baseline.py
output/q2/tables/nonadditive_combination_summary.csv,9fdf937dc25f72d440636a7f7e45afac90af55dcfeb780c3e70276f1762d2cd3,src/q2/03_additive_effects.py
output/q2/tables/question2_answer_summary.csv,16123285e09996d67637db7e103d225fb1f87c8f9b05774e810f9d803af7138f,src/q2/03_additive_effects.py
output/q2/tables/supplemental_matched_change_summary.csv,ae8c234343784f2e3d2fcf7fe2a183c2caa3ea9026d7b06aa2e30cb246dc41ca,src/q2/01_common_temperature_baseline.py
output/q2/tables/supplemental_matched_changes.csv,3bdf584a34b2a9b2fe3d037660883238ab77f0942dac5fe99db519a3fa8bc333,src/q2/01_common_temperature_baseline.py
output/q2/verification.json,db83e7a42e10b5a99c0513a506de4f9fe6199fba6284e9c8917547103c2c83b9,src/q2/02_verify_common_temperature_baseline.py
output/q2/formal_verification.json,e5b6ddf36f69ab8d6faa2ddd4049455ac63f980d9079c83a07f8d3fa027c9878,src/q2/04_verify_additive_effects.py
output/q2/tables/robustness_leave_combination_out.csv,5444f792ecd2b9603706de407d049166c20fc72c14d20b4274ef0c868069ce85,src/q2/05_structural_robustness.py
output/q2/tables/robustness_leave_temperature_out.csv,4bc225e6ce31af5bfd88b4c255cb4f191333c815a07431a4f87bfcd6e5c6d988,src/q2/05_structural_robustness.py
output/q2/tables/robustness_flag_diagnostic.csv,23f1552ceb73f9d039e1104f95a33bab4679cddc8e86a7161df5d60044427201,src/q2/05_structural_robustness.py
output/q2/tables/robustness_supplemental_temperature.csv,6c111f77a7bc57ea20e7444ba799520cb8899f06e54bd84aeaab98c8c9e2c7fa,src/q2/05_structural_robustness.py
output/q2/robustness_summary.json,075312370b48a1818396011c607081eae7533f1da9044cebb4b9c26c5fb43222,src/q2/05_structural_robustness.py
output/q2/robustness_verification.json,b075f83a36caed41c66f06a9042aeba49d66bf41553f5bf356e9b12eb91e372f,src/q2/06_verify_structural_robustness.py
