catalyst_id,response,n,ols_slope_per_25c,theilsen_slope_per_25c,slope_difference_theilsen_minus_ols,slope_relative_difference_abs,direction_same,ols_mae,theilsen_mae,mae_difference_theilsen_minus_ols,ols_maxae,theilsen_maxae,maxae_difference_theilsen_minus_ols,ols_rmse,theilsen_rmse,rmse_difference_theilsen_minus_ols,theilsen_pair_slope_count,theilsen_loo_direction_change_count,theilsen_loo_slope_min_per_25c,theilsen_loo_slope_max_per_25c
A1,ethanol_conversion_pct,5,8.32973331534967,7.799140467741999,-0.5305928476076716,0.06369865967136285,True,2.8480492889420104,2.6670212675300613,-0.18102802141194907,4.522405817934814,6.233844543596099,1.711438725661285,3.1775877465706586,3.3881263318283867,0.21053858525772817,10,0,6.161128785164804,9.71680125028035
A1,c4_selectivity_pct,5,3.8590000000000053,3.3350000000000017,-0.5240000000000036,0.13578647317958095,True,2.6596000000000033,2.4090000000000016,-0.2506000000000017,3.873999999999974,6.174999999999997,2.3010000000000232,2.8398771100172624,3.729430921735915,0.8895538117186526,10,0,3.0100000000000025,5.675833333333335
A2,ethanol_conversion_pct,5,16.57395183467561,17.02710482382361,0.4531529891479984,0.027341275856728565,True,2.19685286072068,2.0459741769311983,-0.15087868378948155,3.227016742781206,4.832120784560132,1.605104041778926,2.3549653751479362,2.952029754134961,0.5970643789870249,10,0,16.356830120139673,17.360017963771483
A2,c4_selectivity_pct,5,5.540000000000004,5.96375,0.4237499999999965,0.07648916967508958,True,2.9791999999999907,2.8652499999999996,-0.11394999999999111,5.3340000000000245,5.341249999999999,0.0072499999999742215,3.47102059918981,3.5333068346097534,0.06228623541994338,10,0,3.251666666666667,7.876666666666667
A3,ethanol_conversion_pct,7,10.489122130376808,9.79043029104895,-0.6986918393278589,0.06661108819625874,True,3.5519307174473007,2.667833788000757,-0.8840969294465437,11.770516673921136,15.301426872743818,3.5309101988226814,5.271081260741411,5.841192701779952,0.5701114410385406,21,0,9.596109623875302,9.900036425084634
A3,c4_selectivity_pct,7,6.529940119760479,7.988333333333333,1.4583932135728546,0.22333944673697087,True,4.513515825491871,4.116904761904762,-0.39661106358710896,8.444011976047896,18.761666666666663,10.317654690618767,5.268835209546317,7.455605779524727,2.1867705699784095,21,0,7.739999999999999,8.29
A4,ethanol_conversion_pct,6,14.54279616697374,14.74069508342325,0.19789891644950863,0.013608037558755805,True,1.6426725833479194,1.5107399723815833,-0.13193261096633613,3.3020998681217044,4.0242173802478955,0.7221175121261911,2.0267672342967598,2.090873217993877,0.06410598369711717,15,0,14.09112572197707,15.382124718417643
A4,c4_selectivity_pct,6,5.665571428571425,6.210000000000001,0.5444285714285755,0.09609420308126858,True,2.8329523809523836,2.47,-0.36295238095238336,5.37485714285714,7.210000000000003,1.8351428571428627,3.3546851743565473,3.543096574090711,0.18841139973416388,15,0,4.77125,7.130833333333335
A5,ethanol_conversion_pct,6,10.196554988168902,8.129189379722066,-2.0673656084468366,0.2027513813092371,True,6.980874324390172,5.671852722822583,-1.309021601567589,10.497970910345842,22.822186289745048,12.324215379399206,7.656248678717849,10.235072549324851,2.5788238706070024,15,0,7.751373469804525,8.4236293666368
A5,c4_selectivity_pct,6,5.742714285714281,4.315,-1.4277142857142806,0.24861314958083466,True,2.5992380952380914,2.1233333333333326,-0.4759047619047587,4.159285714285716,10.614999999999995,6.455714285714279,2.8588491690588635,4.3564530679594515,1.497603898900588,15,0,4.056666666666667,4.790000000000001
A6,ethanol_conversion_pct,5,12.538335633209627,13.247259950101224,0.7089243168915971,0.0565405439469898,True,4.182541393034969,3.7470052166137826,-0.435536176421186,7.838619951433159,10.6234092875684,2.7847893361352405,4.954101219601944,5.268932074797845,0.3148308551959005,10,0,11.644816530528061,14.219001952717115
A6,c4_selectivity_pct,5,5.068275862068966,2.87,-2.198275862068966,0.43373248060960684,True,4.979448275862055,4.7459999999999996,-0.23344827586205508,9.557586206896628,16.809999999999995,7.252413793103367,5.731194134462429,7.796890405796401,2.065696271333972,10,0,1.7862500000000003,4.735833333333334
A7,ethanol_conversion_pct,5,9.438418239315007,9.395839725959586,-0.042578513355421066,0.004511191629341401,True,0.6845670571556809,0.5825660489990362,-0.1020010081566447,0.9838117675720994,1.536395321710728,0.5525835541386286,0.7087331008392495,0.9192114365124248,0.2104783356731753,10,0,9.352751378187666,9.795261590756137
A7,c4_selectivity_pct,5,4.672241379310343,4.305,-0.36724137931034306,0.07860068637219052,True,2.418482758620699,2.304,-0.11448275862069934,3.2898275862068473,5.165000000000003,1.8751724137931554,2.6012767422277805,2.95601420835557,0.35473746612778934,10,0,2.75125,5.119
A8,ethanol_conversion_pct,5,8.490853306292106,7.980736561662557,-0.5101167446295491,0.06007838390654206,True,3.6688324425237484,3.4964831935627942,-0.17234924896095416,5.133274034642037,7.451137039619532,2.317863004977495,3.978757628446669,4.455714099014501,0.4769564705678322,10,0,5.390604705272239,9.370885737768232
A8,c4_selectivity_pct,5,6.056551724137928,5.8774999999999995,-0.17905172413792858,0.02956331131860585,True,1.6371034482758717,1.4680000000000002,-0.16910344827587154,2.3210344827585603,3.512500000000003,1.1914655172414426,1.7037795713020514,2.0815967428875366,0.3778171715854852,10,0,5.182500000000001,6.307500000000001
A9,ethanol_conversion_pct,5,6.227600921593092,3.897581559239036,-2.330019362354056,0.3741439748130184,True,4.9800287799778635,4.945675822150336,-0.034352957827527675,8.120864827475987,18.306683483583186,10.185818656107198,5.675356972082388,8.369421762671394,2.694064790589006,10,0,2.2807623998733257,5.945345162522594
A9,c4_selectivity_pct,5,6.344999999999998,6.415000000000001,0.07000000000000295,0.011032308904649799,True,0.9400000000000095,0.8489999999999991,-0.0910000000000104,1.3049999999999429,1.8500000000000068,0.5450000000000639,0.987593033592277,1.1773720737303077,0.1897790401380307,10,0,6.258333333333333,6.4784999999999995
A10,ethanol_conversion_pct,5,4.585339165489839,3.167439216106464,-1.4178999493833748,0.30922466107954844,True,3.6872338381995085,3.6421676121648496,-0.04506622603465882,5.527298864843827,11.74174124849549,6.214442383651663,4.121871765112581,5.522081173884,1.4002094087714188,10,0,1.4351043514876185,4.591435032100513
A10,c4_selectivity_pct,5,1.2918103448275855,0.5574999999999999,-0.7343103448275856,0.5684351017684349,True,1.442620689655175,1.4019999999999997,-0.04062068965517529,2.4285344827586313,5.852499999999999,3.423965517241368,1.6403684930842364,2.663012392010221,1.0226438989259845,10,0,0.39875,1.1464999999999999
A11,ethanol_conversion_pct,5,5.16921888791145,2.931885268403681,-2.237333619507769,0.43281851049873654,True,4.632518181426086,4.601211153527575,-0.03130702789851103,7.6598524394755305,17.417759732477705,9.757907293002175,5.296225978237701,7.936911806590915,2.640685828353214,10,0,1.5431065637306778,4.857725695058914
A11,c4_selectivity_pct,5,1.2974137931034475,1.190833333333333,-0.10658045977011454,0.08214839424141723,True,0.379172413793101,0.372,-0.007172413793101018,0.5063793103448404,0.9758333333333349,0.4694540229884945,0.4170479175313572,0.49474404156762425,0.07769612403626702,10,0,0.98125,1.3255
A12,ethanol_conversion_pct,5,7.148328367742314,5.98925538978126,-1.1590729779610545,0.1621460176887662,True,3.898886674963321,3.8299981623932453,-0.06888851257007556,5.350760404363477,11.115059389437768,5.764298985074291,4.305644485749458,5.441287103496963,1.1356426177475054,10,0,4.0292021446965025,7.355611146663356
A12,c4_selectivity_pct,5,5.122155172413792,4.869166666666667,-0.2529885057471253,0.0493910272593139,True,1.8993103448275988,1.798,-0.10131034482759871,2.6756034482758064,3.8441666666666663,1.1685632183908599,2.0505653972199633,2.309182034112223,0.2586166368922598,10,0,3.566250000000001,5.579000000000001
A13,ethanol_conversion_pct,5,6.337231797745224,4.69856493895791,-1.6386668587873139,0.25857770570588073,True,4.54491670258458,4.537719520056691,-0.007197182527888479,6.714361457774162,14.248873625881203,7.534512168107041,5.1212079063193245,6.763905328347659,1.6426974220283341,10,0,2.542115086674641,6.417181463008159
A13,c4_selectivity_pct,5,4.069310344827586,3.92525,-0.14406034482758567,0.035401660876196804,True,1.106068965517252,0.9791500000000006,-0.12691896551725135,2.3789655172413333,2.869500000000002,0.49053448275866884,1.3516707413802567,1.4165958536223384,0.06492511224208175,10,0,3.7895833333333333,4.84375
A14,ethanol_conversion_pct,5,8.397783745821496,6.5861428065581595,-1.8116409392633361,0.21572845813810798,True,4.455612919355511,4.384802132481022,-0.07081078687448894,6.8503417789943235,15.349707667421313,8.49936588842699,4.99687244634903,7.12582183252474,2.1289493861757096,10,0,5.101001790415267,8.298007744438936
A14,c4_selectivity_pct,5,3.4406034482758607,3.0808333333333335,-0.3597701149425272,0.10456599266701704,True,1.9862068965517305,1.9500000000000006,-0.03620689655172993,2.5995689655172063,4.345833333333335,1.7462643678161287,2.1859218445188815,2.439544014769974,0.25362217025109235,10,0,1.6475,3.7800000000000002
B1,ethanol_conversion_pct,5,6.9867805229829685,5.794942334541602,-1.1918381884413662,0.1705847470835562,True,3.852956156408785,3.7941275657944606,-0.05882859061432422,5.363135810161406,11.20281880349421,5.839682993332804,4.267979917150778,5.445313833874125,1.177333916723347,10,0,3.890541024003287,7.164137263518638
B1,c4_selectivity_pct,5,5.992672413793101,5.85,-0.14267241379310125,0.023807811263755668,True,2.018344827586218,1.8639999999999997,-0.15434482758621848,3.1209482758619984,3.75,0.6290517241380016,2.2003342614405104,2.43637435547167,0.23604009403115978,10,0,4.4712499999999995,6.7055
B2,ethanol_conversion_pct,5,6.817215502294978,4.454929177443455,-2.3622863248515227,0.3465177716703062,True,5.171114085427828,5.097533677006064,-0.07358040842176372,8.299373431838731,18.45793212360001,10.158558691761279,5.837659553730264,8.46235128061686,2.6246917268865957,10,0,2.5884518326440564,6.564125139702286
B2,c4_selectivity_pct,5,6.103103448275861,5.9383333333333335,-0.16477011494252736,0.026997758818765434,True,2.1702068965517407,1.971,-0.19920689655174062,3.302068965517174,4.133333333333335,0.8312643678161606,2.3200558851770876,2.663717640191368,0.3436617550142804,10,0,4.6274999999999995,6.763
B3,ethanol_conversion_pct,6,3.2827947673025495,2.13626439013164,-1.1465303771709094,0.3492543574732836,True,3.0385385212786673,2.6563617288883634,-0.3821767923903039,4.731720538301342,10.310456253230054,5.578735714928712,3.314001973640131,4.379681885988214,1.0656799123480831,15,0,1.369444409699605,2.5778811314514902
B3,c4_selectivity_pct,6,3.0044285714285697,2.8200000000000003,-0.1844285714285694,0.061385573676952424,True,1.0572857142857106,0.9816666666666665,-0.07561904761904414,3.0231428571428705,3.25,0.22685714285712955,1.459658962125841,1.5316712005736302,0.07201223844778926,15,0,2.4399999999999995,3.136
B4,ethanol_conversion_pct,6,5.193956503394919,3.0401927126725106,-2.153763790722408,0.41466727519081964,True,4.47018749056391,3.7522662269897746,-0.717921263574135,7.199697216334066,17.47066208606272,10.270964869728655,4.981335346359458,7.239614398120341,2.2582790517608826,15,0,2.3729274594700964,3.4511858613390265
B4,c4_selectivity_pct,6,2.558142857142856,2.4716666666666662,-0.08647619047618971,0.03380428510265975,True,2.22104761904762,2.1922222222222225,-0.02882539682539731,3.439571428571438,3.5741666666666676,0.13459523809522977,2.5142594289751568,2.52121053192634,0.0069511029511830635,15,0,1.2374999999999998,3.6525000000000003
B5,ethanol_conversion_pct,6,6.789915387437677,4.009896921382627,-2.7800184660550498,0.4094334476094481,True,5.509477187034989,4.5828043650166395,-0.9266728220183493,8.616102661422772,21.098826422123146,12.482723760700374,6.006375599126553,8.744967885691063,2.7385922865645096,15,0,3.2054304105264677,5.552273388803961
B5,c4_selectivity_pct,6,3.6544285714285696,3.588333333333333,-0.06609523809523665,0.018086340122225746,True,1.4379047619047638,1.2361111111111107,-0.20179365079365308,2.3551428571428543,3.070833333333333,0.7156904761904785,1.550853298149427,1.79379479554338,0.242941497393953,15,0,3.0875000000000004,3.7399999999999998
B6,ethanol_conversion_pct,6,9.592858633418244,6.506903460068023,-3.0859551733502206,0.3216929688299384,True,6.20003549118627,5.171383766736196,-1.0286517244500741,9.763571892206606,23.200468109797654,13.436896217591048,6.871901249815565,9.70475488710562,2.8328536372900555,15,0,5.01725935891446,9.17642996229215
B6,c4_selectivity_pct,6,4.75728571428571,4.8066666666666675,0.04938095238095741,0.010380068666607675,True,1.4568095238095278,1.4238888888888894,-0.03292063492063835,2.6844285714285547,2.860000000000003,0.17557142857144825,1.7983562600595144,1.8015255880626415,0.003169328003127081,15,0,4.4037500000000005,5.53125
B7,ethanol_conversion_pct,6,10.492857142857138,7.433333333333333,-3.0595238095238058,0.29158157476741525,True,7.164285714285715,6.144444444444446,-1.0198412698412689,10.857142857142847,24.333333333333343,13.476190476190496,7.773589291710136,10.371845794514362,2.598256502804226,15,0,5.525,10.775
B7,c4_selectivity_pct,6,5.8412857142857115,6.095000000000001,0.2537142857142891,0.04343466457971642,True,1.0930476190476288,0.8316666666666662,-0.2613809523809626,2.11842857142854,3.410000000000002,1.2915714285714621,1.2245891439289227,1.4588265832510736,0.2342374393221509,15,0,5.7524999999999995,6.275
