path,role,description,sha256,size_bytes
output/data_audit/tables/cleaned_attachment1.csv,input,附件1冻结清洁输入,b99a4d3c23ebc1dbc366a49235924860cc9e982b11eb859bfb6893086d627834,35983
output/q3/formal/recommendations.csv,input,第三问正式推荐,cf7c84aa5919990dae163e6f009446a1f709f0e51905459ade3f2a33e4f3eebf,1208
output/q3/robustness/ranking_gaps.csv,input,第三问排序差距,ab466a2cb914e955a9bb5238c6a8cb25503bbfa7369b67bf972930da6d83b113,575
output/q3/robustness/temperature_coverage.csv,input,第三问温度覆盖,48074196cf62455a5b469475a6105956af89a1cab8e808e551c668244aebcb8b,545
output/q3/robustness/robustness_summary.json,input,第三问稳健性摘要,ce5ddef6ced9a8551f9ed46b96cd3c2374b6fd199b407fa285a208b929341c62,3832
src/q4/01_build_formal_design.py,source,第四问S9正式实现,825859b438852a265319a1c8f26df5fed8fe4e54ec158691a6e7a75df1b8cb46,18779
output/q4/formal/experiment_design.csv,output,正式五次实验完整条件,687db7c6600fe2b7bec7faebc7ea34093268ed3196e18fbd0e0261cfb26a4b61,1848
output/q4/formal/evidence_mapping.csv,output,前三问证据与实验职责映射,25ee722a67920e5061968756ca7b192848f7bfafdb543d7ddd8e73205e21fbee,833
output/q4/formal/update_rules.json,output,观测后更新规则,e93aa7bfac6b0298a17b20455fd4ac7fb39538c677ac8135780ed8f089610c29,3062
output/q4/formal/sequential_alternative.json,output,条件序贯备选,42464c626182b1b1a660d422f1c73cf9dbc3de3268cc4cfd8f4b168d347368c7,664
output/q4/formal/formal_summary.json,output,正式设计摘要,07a6e8a1f2ce8beaa237c7abd6d79299e15b641c11a62ff724ab199011dafcfe,1764
