time_from_min,time_to_min,time_gap_min,response,change_pct_point,change_per_10min_pct_point
20.0,70.0,50.0,ethanol_conversion_pct,-5.7592420753513025,-1.1518484150702606
20.0,70.0,50.0,c4_selectivity_pct,-1.3500000000000014,-0.2700000000000003
20.0,70.0,50.0,c4_yield_pct,-2.8080775657494463,-0.5616155131498892
70.0,110.0,40.0,ethanol_conversion_pct,-1.2317863482285958,-0.30794658705714895
70.0,110.0,40.0,c4_selectivity_pct,-1.8299999999999983,-0.4574999999999996
70.0,110.0,40.0,c4_yield_pct,-1.1438350279304466,-0.28595875698261164
110.0,163.0,53.0,ethanol_conversion_pct,-3.834502783142703,-0.7234910911590007
110.0,163.0,53.0,c4_selectivity_pct,2.8100000000000023,0.5301886792452835
110.0,163.0,53.0,c4_yield_pct,-0.48854523004833794,-0.09217834529213924
163.0,197.0,34.0,ethanol_conversion_pct,-1.0117603754176017,-0.297576581005177
163.0,197.0,34.0,c4_selectivity_pct,-0.5700000000000003,-0.16764705882352948
163.0,197.0,34.0,c4_yield_pct,-0.5806964292361307,-0.17079306742239142
197.0,240.0,43.0,ethanol_conversion_pct,-1.855866702588198,-0.4315969075786507
197.0,240.0,43.0,c4_selectivity_pct,1.3599999999999994,0.31627906976744175
197.0,240.0,43.0,c4_yield_pct,-0.31702813544209896,-0.07372747335862766
240.0,273.0,33.0,ethanol_conversion_pct,0.051778290401198745,0.015690391030666287
240.0,273.0,33.0,c4_selectivity_pct,-1.2800000000000011,-0.3878787878787882
240.0,273.0,33.0,c4_yield_pct,-0.36191990308503286,-0.10967269790455542
