catalyst_id,response,mean_rank,best_rank,worst_rank,rank_range,top3_count
A1,ethanol_conversion_pct,9.25,7.0,13.0,6.0,0
A10,ethanol_conversion_pct,19.25,19.0,20.0,1.0,0
A11,ethanol_conversion_pct,20.5,20.0,21.0,1.0,0
A12,ethanol_conversion_pct,13.25,12.0,15.0,3.0,0
A13,ethanol_conversion_pct,16.75,16.0,17.0,1.0,0
A14,ethanol_conversion_pct,11.0,11.0,11.0,0.0,0
A2,ethanol_conversion_pct,3.0,1.0,6.0,5.0,3
A3,ethanol_conversion_pct,3.75,2.0,5.0,3.0,1
A4,ethanol_conversion_pct,4.75,2.0,8.0,6.0,2
A5,ethanol_conversion_pct,4.75,2.0,6.0,4.0,1
A6,ethanol_conversion_pct,4.0,3.0,5.0,2.0,1
A7,ethanol_conversion_pct,1.5,1.0,3.0,2.0,4
A8,ethanol_conversion_pct,7.0,5.0,8.0,3.0,0
A9,ethanol_conversion_pct,15.75,14.0,17.0,3.0,0
B1,ethanol_conversion_pct,14.25,13.0,16.0,3.0,0
B2,ethanol_conversion_pct,12.5,10.0,14.0,4.0,0
B3,ethanol_conversion_pct,20.25,19.0,21.0,2.0,0
B4,ethanol_conversion_pct,18.0,18.0,18.0,0.0,0
B5,ethanol_conversion_pct,13.75,12.0,15.0,3.0,0
B6,ethanol_conversion_pct,9.25,9.0,10.0,1.0,0
B7,ethanol_conversion_pct,8.5,7.0,10.0,3.0,0
A1,c4_selectivity_pct,1.0,1.0,1.0,0.0,4
A10,c4_selectivity_pct,19.75,18.0,21.0,3.0,0
A11,c4_selectivity_pct,20.75,20.0,21.0,1.0,0
A12,c4_selectivity_pct,8.5,6.0,12.0,6.0,0
A13,c4_selectivity_pct,9.0,7.0,11.0,4.0,0
A14,c4_selectivity_pct,19.0,18.0,20.0,2.0,0
A2,c4_selectivity_pct,2.0,2.0,2.0,0.0,4
A3,c4_selectivity_pct,5.75,3.0,9.0,6.0,2
A4,c4_selectivity_pct,5.5,3.0,10.0,7.0,1
A5,c4_selectivity_pct,13.5,11.0,19.0,8.0,0
A6,c4_selectivity_pct,15.25,10.0,19.0,9.0,0
A7,c4_selectivity_pct,12.0,7.0,14.0,7.0,0
A8,c4_selectivity_pct,6.25,5.0,8.0,3.0,0
A9,c4_selectivity_pct,5.25,3.0,10.0,7.0,1
B1,c4_selectivity_pct,6.25,5.0,8.0,3.0,0
B2,c4_selectivity_pct,13.75,10.0,17.0,7.0,0
B3,c4_selectivity_pct,16.0,15.0,17.0,2.0,0
B4,c4_selectivity_pct,12.75,4.0,18.0,14.0,0
B5,c4_selectivity_pct,14.75,13.0,16.0,3.0,0
B6,c4_selectivity_pct,13.75,11.0,18.0,7.0,0
B7,c4_selectivity_pct,10.0,6.0,14.0,8.0,0
A1,c4_yield_pct,2.5,2.0,3.0,1.0,4
A10,c4_yield_pct,20.25,20.0,21.0,1.0,0
A11,c4_yield_pct,20.75,20.0,21.0,1.0,0
A12,c4_yield_pct,13.0,12.0,15.0,3.0,0
A13,c4_yield_pct,15.5,15.0,16.0,1.0,0
A14,c4_yield_pct,16.75,16.0,17.0,1.0,0
A2,c4_yield_pct,1.25,1.0,2.0,1.0,4
A3,c4_yield_pct,3.25,2.0,4.0,2.0,2
A4,c4_yield_pct,5.0,4.0,6.0,2.0,0
A5,c4_yield_pct,7.25,6.0,8.0,2.0,0
A6,c4_yield_pct,7.0,5.0,10.0,5.0,0
A7,c4_yield_pct,3.25,1.0,5.0,4.0,2
A8,c4_yield_pct,7.25,6.0,8.0,2.0,0
A9,c4_yield_pct,12.0,11.0,13.0,2.0,0
B1,c4_yield_pct,12.0,11.0,14.0,3.0,0
B2,c4_yield_pct,13.75,13.0,14.0,1.0,0
B3,c4_yield_pct,19.0,19.0,19.0,0.0,0
B4,c4_yield_pct,18.0,18.0,18.0,0.0,0
B5,c4_yield_pct,15.0,12.0,17.0,5.0,0
B6,c4_yield_pct,9.75,9.0,10.0,1.0,0
B7,c4_yield_pct,8.5,7.0,9.0,2.0,0
