temperature_from_c,temperature_to_c,response,pair_count,positive_count,zero_count,negative_count,median_change_pct_point,mean_change_pct_point,minimum_change_pct_point,maximum_change_pct_point
250,275,ethanol_conversion_pct,21,19,0,2,2.0097320871053403,3.0997813835923385,-2.3631725527298,12.59254167294701
250,275,c4_selectivity_pct,21,17,1,3,1.9299999999999997,1.7009523809523805,-1.0,4.69
250,275,c4_yield_pct,21,21,0,0,0.19298080643104842,0.4339156870863951,0.004935428867768,2.1396275229296107
275,300,ethanol_conversion_pct,21,21,0,0,3.799999999999999,6.030086237205665,0.533750621659533,21.726706397155898
275,300,c4_selectivity_pct,21,20,0,1,3.110000000000001,3.4871428571428575,-1.5700000000000003,9.509999999999998
275,300,c4_yield_pct,21,21,0,0,0.5436956256715288,1.1695058963918001,0.0198024818368759,4.836098501172052
300,350,ethanol_conversion_pct,21,21,0,0,13.879862297670899,15.331336531441098,4.861351102023081,30.991864242356897
300,350,c4_selectivity_pct,21,21,0,0,10.72,10.116190476190477,0.2700000000000031,19.84
300,350,c4_yield_pct,21,21,0,0,4.108502677892233,5.393548127920793,0.2610642872734406,18.912044556760556
