response,temperature_left_c,temperature_right_c,combination_count,spearman_rank_correlation
ethanol_conversion_pct,250,275,21,0.9649350649350649
ethanol_conversion_pct,250,300,21,0.890909090909091
ethanol_conversion_pct,250,350,21,0.8753246753246753
ethanol_conversion_pct,275,300,21,0.9688311688311689
ethanol_conversion_pct,275,350,21,0.9571428571428571
ethanol_conversion_pct,300,350,21,0.9922077922077923
c4_selectivity_pct,250,275,21,0.7833712657395148
c4_selectivity_pct,250,300,21,0.6376623376623376
c4_selectivity_pct,250,350,21,0.6883116883116883
c4_selectivity_pct,275,300,21,0.8444300542797422
c4_selectivity_pct,275,350,21,0.8151997831700588
c4_selectivity_pct,300,350,21,0.9506493506493506
c4_yield_pct,250,275,21,0.9818181818181818
c4_yield_pct,250,300,21,0.9597402597402598
c4_yield_pct,250,350,21,0.92987012987013
c4_yield_pct,275,300,21,0.9922077922077923
c4_yield_pct,275,350,21,0.9675324675324675
c4_yield_pct,300,350,21,0.9805194805194805
