temperature_c,catalyst_id,ethanol_conversion_pct,c4_selectivity_pct,c4_yield_pct
250.0,A7,19.6562914186116,5.75,1.130236756570167
250.0,A2,4.60299723489029,18.07,0.8317616003446753
250.0,A1,2.06716944958221,34.05,0.7038711975827424
250.0,A3,9.6693729570379,5.5,0.5318155126370846
250.0,A6,13.3893967283351,3.3,0.4418500920350582
275.0,A2,17.1955389078373,17.28,2.9713891232742857
275.0,A1,5.8517209865374,37.43,2.1902991652609485
275.0,A7,29.044956254083,6.56,1.9053491302678447
275.0,A3,19.2369353731673,8.04,1.5466496040026507
275.0,A4,12.0977578656973,8.62,1.0428267280231072
300.0,A2,38.9222453049932,19.6,7.628760079778667
300.0,A1,14.9688914921879,46.94,7.026397666433001
300.0,A3,29.2502335391358,17.01,4.975464725007
300.0,A7,39.9843661922415,8.84,3.534617971394149
300.0,A4,29.4765641102885,10.72,3.1598876726229275
325.0,A2,56.3824602331247,30.62,17.264309323382783
325.0,A3,37.5791851341654,28.72,10.7927419705323
325.0,A1,19.6813590966625,49.7,9.781635471041264
325.0,A4,43.3256219763485,18.89,8.184209991332231
325.0,A5,28.3488858758218,13.86,3.929155582388901
350.0,A2,67.8792957456246,39.1,26.54080463653922
350.0,A3,48.9370446484212,36.85,18.03330095294321
350.0,A1,36.801016971268,47.21,17.37376011213562
350.0,A4,60.4684283526454,27.25,16.47764672609587
350.0,A7,58.6049967786163,18.64,10.923971399534077
400.0,A3,83.7133815760754,53.43,44.72805977609709
400.0,A4,88.4393444439815,41.02,36.27781909092121
400.0,A6,83.3476161758825,37.33,31.11366511845693
400.0,A5,76.0198321376534,38.23,29.062381826224893
400.0,B7,69.4,38.17,26.489980000000006
450.0,A3,86.4097027402944,49.9,43.118441667406906
