catalyst_id,response,response_cn,observation_count,cv_mae_pct_point,cv_rmse_pct_point,observed_range_pct_point,nrmse_pct
A1,ethanol_conversion_pct,乙醇转化率,5,5.562056099455362,6.535249940086811,34.73384752168579,18.81522032941091
A1,c4_selectivity_pct,C4烯烃选择性,5,4.705071428571434,5.21486265154604,15.650000000000006,33.321806080166375
A10,ethanol_conversion_pct,乙醇转化率,5,7.4025801834253375,9.041087646404444,28.274426791117524,31.976201368102437
A10,c4_selectivity_pct,C4烯烃选择性,5,2.937737977052555,3.643488594354433,8.639999999999999,42.17000687910224
A11,ethanol_conversion_pct,乙醇转化率,5,9.401002274343472,11.712469400314413,32.36580656225901,36.18778780557888
A11,c4_selectivity_pct,C4烯烃选择性,5,0.752257907173487,0.9015714459174616,7.83,11.514322425510366
A12,ethanol_conversion_pct,乙醇转化率,5,7.8028783179347645,9.410392358079955,43.093257392609985,21.837273224311264
A12,c4_selectivity_pct,C4烯烃选择性,5,3.6966337351641543,4.278051755428278,30.129999999999995,14.19864505618413
A13,ethanol_conversion_pct,乙醇转化率,5,9.153991061730476,11.233770243734867,38.70020586862049,29.02767567147132
A13,c4_selectivity_pct,C4烯烃选择性,5,2.099946943520032,2.6015233169921217,22.72,11.450366712113212
A14,ethanol_conversion_pct,乙醇转化率,5,9.001634947656967,11.035473313512753,51.12256825000479,21.586304622932786
A14,c4_selectivity_pct,C4烯烃选择性,5,3.9173913283979616,4.647435152418219,20.41,22.77038291238716
A2,ethanol_conversion_pct,乙醇转化率,5,3.716622484890596,3.9700970742338773,63.276298510734314,6.274224579619464
A2,c4_selectivity_pct,C4烯烃选择性,5,5.630214285714281,6.696749708490169,21.82,30.690878590697384
A3,ethanol_conversion_pct,乙醇转化率,7,5.7193220363693085,8.69288457039204,76.7403297832565,11.327661211443854
A3,c4_selectivity_pct,C4烯烃选择性,7,7.195134935071134,9.439358290571972,47.93,19.694050261990345
A4,ethanol_conversion_pct,乙醇转化率,6,2.565242185518472,3.2634623744932263,84.4199531202916,3.865747674418934
A4,c4_selectivity_pct,C4烯烃选择性,6,4.836401567303697,5.932238650408303,32.400000000000006,18.309378550642908
A5,ethanol_conversion_pct,乙醇转化率,6,12.644767848314373,15.654148896156858,63.595821329264496,24.61505892833463
A5,c4_selectivity_pct,C4烯烃选择性,6,4.6270046285713065,5.754157249509685,36.269999999999996,15.864784255609832
A6,ethanol_conversion_pct,乙醇转化率,5,7.649844690182041,9.079651010368334,70.56662540688349,12.866777967651903
A6,c4_selectivity_pct,C4烯烃选择性,5,9.970791419281142,12.498849477576197,34.03,36.72891412746458
A7,ethanol_conversion_pct,乙醇转化率,5,1.2697527193765246,1.4011684236551285,56.3711247791276,2.48561374133506
A7,c4_selectivity_pct,C4烯烃选择性,5,4.743886406344314,5.523780630917081,27.5,20.086475021516655
A8,ethanol_conversion_pct,乙醇转化率,5,7.147184234210561,8.299718478441477,49.85065287477763,16.649167061643023
A8,c4_selectivity_pct,C4烯烃选择性,5,3.200572948227992,3.6404734260768006,35.79,10.17176145872255
A9,ethanol_conversion_pct,乙醇转化率,5,10.092705186023382,12.540435773117029,38.74400129065275,32.36742555070711
A9,c4_selectivity_pct,C4烯烃选择性,5,1.5676094154977118,1.6009027127336974,36.64,4.369275962701139
B1,ethanol_conversion_pct,乙醇转化率,5,7.720044998080477,9.337041889812609,42.18726256330756,22.132372006363635
B1,c4_selectivity_pct,C4烯烃选择性,5,3.8520741321778,4.39853728727664,34.76,12.65401981379931
B2,ethanol_conversion_pct,乙醇转化率,5,10.43664975172122,12.87606930699654,42.37221492521171,30.38800149985835
B2,c4_selectivity_pct,C4烯烃选择性,5,4.164060749460866,4.725748594846375,35.440000000000005,13.334505064464938
B3,ethanol_conversion_pct,乙醇转化率,6,5.449213413816487,6.744261115201302,20.705356010863984,32.57254360496205
B3,c4_selectivity_pct,C4烯烃选择性,6,1.8027735593004885,2.3975231283632294,18.36,13.058404838579682
B4,ethanol_conversion_pct,乙醇转化率,6,8.078336542720463,10.181411955730896,32.94561181497278,30.90369671357493
B4,c4_selectivity_pct,C4烯烃选择性,6,3.8194301212831463,4.583395100202838,16.4,27.947531098797796
B5,ethanol_conversion_pct,乙醇转化率,6,9.867556821391206,12.207380906637635,42.86063465594158,28.481568237686794
B5,c4_selectivity_pct,C4烯烃选择性,6,2.5695766345738207,3.1077522357060903,21.529999999999998,14.43452037020943
B6,ethanol_conversion_pct,乙醇转化率,6,11.067302297732333,13.772845204171658,60.4770687605239,22.77366526924303
B6,c4_selectivity_pct,C4烯烃选择性,6,2.1928576125349726,2.7777975596994704,25.98,10.692061430713897
B7,ethanol_conversion_pct,乙醇转化率,6,12.751024571810092,15.620316338758364,65.0,24.031255905782096
B7,c4_selectivity_pct,C4烯烃选择性,6,1.9153245274175241,2.309045363972627,34.09,6.773380357795913
