catalyst_id,response,response_cn,held_temperature_c,actual_pct,predicted_pct,error_pct_point,absolute_error_pct_point,training_count
A1,ethanol_conversion_pct,乙醇转化率,250.0,2.06716944958221,-5.064341753002623,7.131511202584832,7.131511202584832,4
A1,ethanol_conversion_pct,乙醇转化率,275.0,5.8517209865374,8.269688554195305,-2.4179675676579055,2.4179675676579055,4
A1,ethanol_conversion_pct,乙醇转化率,300.0,14.9688914921879,16.100316626012518,-1.1314251338246173,1.1314251338246173,4
A1,ethanol_conversion_pct,乙醇转化率,325.0,19.6813590966625,26.141938836569302,-6.460579739906802,6.460579739906802,4
A1,ethanol_conversion_pct,乙醇转化率,350.0,36.801016971268,26.132220117965343,10.668796853302656,10.668796853302656,4
A1,c4_selectivity_pct,C4烯烃选择性,250.0,34.05,37.29500000000004,-3.24500000000004,3.24500000000004,4
A1,c4_selectivity_pct,C4烯烃选择性,275.0,37.43,39.96857142857142,-2.538571428571423,2.538571428571423,4
A1,c4_selectivity_pct,C4烯烃选择性,300.0,46.94,42.0975,4.842500000000001,4.842500000000001,4
A1,c4_selectivity_pct,C4烯烃选择性,325.0,49.7,45.73571428571428,3.9642857142857224,3.9642857142857224,4
A1,c4_selectivity_pct,C4烯烃选择性,350.0,47.21,56.14499999999998,-8.934999999999981,8.934999999999981,4
A10,ethanol_conversion_pct,乙醇转化率,250.0,0.319963965933778,-7.770900045837802,8.09086401177158,8.09086401177158,4
A10,ethanol_conversion_pct,乙醇转化率,275.0,1.01545342802349,0.6887232892721205,0.32673013875136947,0.32673013875136947,4
A10,ethanol_conversion_pct,乙醇转化率,300.0,1.68467573268495,6.389413587146295,-4.704737854461346,4.704737854461346,4
A10,ethanol_conversion_pct,乙醇转化率,350.0,9.01884092947588,16.743740547811754,-7.724899618335874,7.724899618335874,4
A10,ethanol_conversion_pct,乙醇转化率,400.0,28.5943907570513,12.428721463244786,16.165669293806516,16.165669293806516,4
A10,c4_selectivity_pct,C4烯烃选择性,250.0,2.19,-1.012203389830507,3.202203389830507,3.202203389830507,4
A10,c4_selectivity_pct,C4烯烃选择性,275.0,1.65,1.944499999999998,-0.294499999999998,0.294499999999998,4
A10,c4_selectivity_pct,C4烯烃选择性,300.0,2.17,3.4127472527472493,-1.2427472527472494,1.2427472527472494,4
A10,c4_selectivity_pct,C4烯烃选择性,350.0,3.3,6.6940963855421645,-3.3940963855421646,3.3940963855421646,4
A10,c4_selectivity_pct,C4烯烃选择性,400.0,10.29,3.7348571428571438,6.555142857142855,6.555142857142855,4
A11,ethanol_conversion_pct,乙醇转化率,250.0,0.227691554459886,-9.675825235343067,9.903516789802953,9.903516789802953,4
A11,ethanol_conversion_pct,乙醇转化率,275.0,0.516312042222788,0.2893360899584909,0.22697595226429712,0.22697595226429712,4
A11,ethanol_conversion_pct,乙醇转化率,300.0,1.60755277655185,6.606315300006942,-4.998762523455092,4.998762523455092,4
A11,ethanol_conversion_pct,乙醇转化率,350.0,8.20758112698906,18.912917066496934,-10.705335939507874,10.705335939507874,4
A11,ethanol_conversion_pct,乙醇转化率,400.0,32.5934981167189,11.42307795003175,21.170420166687148,21.170420166687148,4
A11,c4_selectivity_pct,C4烯烃选择性,250.0,0.1,-0.75186440677966,0.85186440677966,0.85186440677966,4
A11,c4_selectivity_pct,C4烯烃选择性,275.0,1.0,0.9479999999999977,0.05200000000000227,0.05200000000000227,4
A11,c4_selectivity_pct,C4烯烃选择性,300.0,1.82,2.38285714285714,-0.5628571428571398,0.5628571428571398,4
A11,c4_selectivity_pct,C4烯烃选择性,350.0,4.35,5.057710843373492,-0.7077108433734924,0.7077108433734924,4
A11,c4_selectivity_pct,C4烯烃选择性,400.0,7.93,6.343142857142859,1.5868571428571405,1.5868571428571405,4
A12,ethanol_conversion_pct,乙醇转化率,250.0,1.44170934251802,-7.9404586417637795,9.3821679842818,9.3821679842818,4
A12,ethanol_conversion_pct,乙醇转化率,275.0,3.47363039678394,3.9730721129168707,-0.49944171613293076,0.49944171613293076,4
A12,ethanol_conversion_pct,乙醇转化率,300.0,6.914387607182,12.079591909847593,-5.165204302665593,5.165204302665593,4
A12,ethanol_conversion_pct,乙醇转化率,350.0,19.9122976584978,27.39046882604182,-7.478171167544019,7.478171167544019,4
A12,ethanol_conversion_pct,乙醇转化率,400.0,44.534966735128,28.04556031607853,16.489406419049473,16.489406419049473,4
A12,c4_selectivity_pct,C4烯烃选择性,250.0,6.17,0.9094915254237321,5.260508474576268,5.260508474576268,4
A12,c4_selectivity_pct,C4烯烃选择性,275.0,8.11,8.844499999999991,-0.7344999999999917,0.7344999999999917,4
A12,c4_selectivity_pct,C4烯烃选择性,300.0,11.22,14.430659340659336,-3.210659340659335,3.210659340659335,4
A12,c4_selectivity_pct,C4烯烃选择性,350.0,22.26,24.668072289156616,-2.408072289156614,2.408072289156614,4
A12,c4_selectivity_pct,C4烯烃选择性,400.0,36.3,29.430571428571433,6.869428571428564,6.869428571428564,4
A13,ethanol_conversion_pct,乙醇转化率,250.0,1.34694843685351,-9.157418463317864,10.504366900171373,10.504366900171373,4
A13,ethanol_conversion_pct,乙醇转化率,275.0,2.30545598480325,2.357635558130305,-0.05217957332705492,0.05217957332705492,4
A13,ethanol_conversion_pct,乙醇转化率,300.0,4.06672930913986,9.945691383662531,-5.878962074522671,5.878962074522671,4
A13,ethanol_conversion_pct,乙醇转化率,350.0,14.6387758329042,24.022702689552307,-9.383926856648108,9.383926856648108,4
A13,ethanol_conversion_pct,乙醇转化率,400.0,40.047154305474,20.09663440149083,19.95051990398317,19.95051990398317,4
A13,c4_selectivity_pct,C4烯烃选择性,250.0,5.19,4.4306779661016975,0.7593220338983029,0.7593220338983029,4
A13,c4_selectivity_pct,C4烯烃选择性,275.0,7.62,9.436999999999996,-1.8169999999999957,1.8169999999999957,4
A13,c4_selectivity_pct,C4烯烃选择性,300.0,12.74,12.998021978021976,-0.2580219780219757,0.2580219780219757,4
A13,c4_selectivity_pct,C4烯烃选择性,350.0,23.46,20.135180722891555,3.324819277108446,3.324819277108446,4
A13,c4_selectivity_pct,C4烯烃选择性,400.0,27.91,32.25057142857144,-4.34057142857144,4.34057142857144,4
A14,ethanol_conversion_pct,乙醇转化率,250.0,2.49268861247491,-7.734153054510667,10.226841666985578,10.226841666985578,4
A14,ethanol_conversion_pct,乙醇转化率,275.0,5.33483516226759,5.8482133671074905,-0.5133782048399009,0.5133782048399009,4
A14,ethanol_conversion_pct,乙醇转化率,300.0,10.1520362574393,15.167616959225754,-5.015580701786453,5.015580701786453,4
A14,ethanol_conversion_pct,乙醇转化率,350.0,24.0318985551102,33.60587019804189,-9.573971642931692,9.573971642931692,4
A14,ethanol_conversion_pct,乙醇转化率,400.0,53.6152568624797,33.936854340738485,19.678402521741212,19.678402521741212,4
A14,c4_selectivity_pct,C4烯烃选择性,250.0,1.89,-3.22101694915254,5.11101694915254,5.11101694915254,4
A14,c4_selectivity_pct,C4烯烃选择性,275.0,2.55,2.8124999999999964,-0.2624999999999966,0.2624999999999966,4
A14,c4_selectivity_pct,C4烯烃选择性,300.0,3.61,6.87538461538461,-3.2653846153846104,3.2653846153846104,4
A14,c4_selectivity_pct,C4烯烃选择性,350.0,10.83,13.93662650602409,-3.1066265060240905,3.1066265060240905,4
A14,c4_selectivity_pct,C4烯烃选择性,400.0,22.3,14.458571428571432,7.841428571428569,7.841428571428569,4
A2,ethanol_conversion_pct,乙醇转化率,250.0,4.60299723489029,2.7170136875216713,1.8859835473686184,1.8859835473686184,4
A2,ethanol_conversion_pct,乙醇转化率,275.0,17.1955389078373,21.80556282609603,-4.6100239182587295,4.6100239182587295,4
A2,ethanol_conversion_pct,乙醇转化率,300.0,38.9222453049932,36.5150730303692,2.4071722746239956,2.4071722746239956,4
A2,ethanol_conversion_pct,乙醇转化率,325.0,56.3824602331247,52.36531607147457,4.01714416165013,4.01714416165013,4
A2,ethanol_conversion_pct,乙醇转化率,350.0,67.8792957456246,73.54208426817611,-5.662788522551509,5.662788522551509,4
A2,c4_selectivity_pct,C4烯烃选择性,250.0,18.07,7.53000000000003,10.53999999999997,10.53999999999997,4
A2,c4_selectivity_pct,C4烯烃选择性,275.0,17.28,20.299999999999997,-3.019999999999996,3.019999999999996,4
A2,c4_selectivity_pct,C4烯烃选择性,300.0,19.6,26.2675,-6.667499999999997,6.667499999999997,4
A2,c4_selectivity_pct,C4烯烃选择性,325.0,30.62,30.41142857142857,0.20857142857143174,0.20857142857143174,4
A2,c4_selectivity_pct,C4烯烃选择性,350.0,39.1,31.38499999999999,7.7150000000000105,7.7150000000000105,4
A3,ethanol_conversion_pct,乙醇转化率,250.0,9.6693729570379,8.58675315504643,1.08261980199147,1.08261980199147,6
A3,ethanol_conversion_pct,乙醇转化率,275.0,19.2369353731673,19.591819066850487,-0.3548836936831883,0.3548836936831883,6
A3,ethanol_conversion_pct,乙醇转化率,300.0,29.2502335391358,30.154173645991524,-0.9039401068557247,0.9039401068557247,6
A3,ethanol_conversion_pct,乙醇转化率,325.0,37.5791851341654,40.97346116178199,-3.3942760276165913,3.3942760276165913,6
A3,ethanol_conversion_pct,乙醇转化率,350.0,48.9370446484212,51.32158824579844,-2.384543597377238,2.384543597377238,6
A3,ethanol_conversion_pct,乙醇转化率,400.0,83.7133815760754,67.3327458715352,16.38063570454021,16.38063570454021,6
A3,ethanol_conversion_pct,乙醇转化率,450.0,86.4097027402944,101.94405806281515,-15.534355322520739,15.534355322520739,6
A3,c4_selectivity_pct,C4烯烃选择性,250.0,5.5,6.48970588235294,-0.9897058823529399,0.9897058823529399,6
A3,c4_selectivity_pct,C4烯烃选择性,275.0,8.04,14.30342857142858,-6.26342857142858,6.26342857142858,6
A3,c4_selectivity_pct,C4烯烃选择性,300.0,17.01,19.655441176470596,-2.6454411764705945,2.6454411764705945,6
A3,c4_selectivity_pct,C4烯烃选择性,325.0,28.72,25.174105263157905,3.5458947368420937,3.5458947368420937,6
A3,c4_selectivity_pct,C4烯烃选择性,350.0,36.85,31.409859154929563,5.440140845070438,5.440140845070438,6
A3,c4_selectivity_pct,C4烯烃选择性,400.0,53.43,42.09366666666667,11.336333333333329,11.336333333333329,6
A3,c4_selectivity_pct,C4烯烃选择性,450.0,49.9,70.04499999999996,-20.14499999999996,20.14499999999996,6
A4,ethanol_conversion_pct,乙醇转化率,250.0,4.0193913236899,-1.9633947027730443,5.982786026462945,5.982786026462945,5
A4,ethanol_conversion_pct,乙醇转化率,275.0,12.0977578656973,16.720697681067584,-4.622939815370284,4.622939815370284,5
A4,ethanol_conversion_pct,乙醇转化率,300.0,29.4765641102885,30.048955081083104,-0.5723909707946042,0.5723909707946042,5
A4,ethanol_conversion_pct,乙醇转化率,325.0,43.3256219763485,44.72541450047358,-1.3997925241250826,1.3997925241250826,5
A4,ethanol_conversion_pct,乙醇转化率,350.0,60.4684283526454,58.566301027110164,1.9021273255352327,1.9021273255352327,5
A4,ethanol_conversion_pct,乙醇转化率,400.0,88.4393444439815,87.52792799315881,0.911416450822685,0.911416450822685,5
A4,c4_selectivity_pct,C4烯烃选择性,250.0,9.62,-0.5486486486486335,10.168648648648633,10.168648648648633,5
A4,c4_selectivity_pct,C4烯烃选择性,275.0,8.62,10.427,-1.8070000000000004,1.8070000000000004,5
A4,c4_selectivity_pct,C4烯烃选择性,300.0,10.72,16.6838596491228,-5.963859649122801,5.963859649122801,5
A4,c4_selectivity_pct,C4烯烃选择性,325.0,18.89,21.728448275862064,-2.8384482758620635,2.8384482758620635,5
A4,c4_selectivity_pct,C4烯烃选择性,350.0,27.25,26.797547169811306,0.45245283018869387,0.45245283018869387,5
A4,c4_selectivity_pct,C4烯烃选择性,400.0,41.02,33.23200000000001,7.78799999999999,7.78799999999999,5
A5,ethanol_conversion_pct,乙醇转化率,250.0,14.7871833611187,-4.972969190171085,19.760152551289785,19.760152551289785,5
A5,ethanol_conversion_pct,乙醇转化率,275.0,12.4240108083889,15.385116477692648,-2.9611056693037483,2.9611056693037483,5
A5,ethanol_conversion_pct,乙醇转化率,300.0,20.8085764699292,25.63128763359919,-4.8227111636699895,4.8227111636699895,5
A5,ethanol_conversion_pct,乙醇转化率,325.0,28.3488858758218,36.294260480796474,-7.945374604974674,7.945374604974674,5
A5,ethanol_conversion_pct,乙醇转化率,350.0,36.8115789475551,47.79652349923478,-10.984944551679682,10.984944551679682,5
A5,ethanol_conversion_pct,乙醇转化率,400.0,76.0198321376534,46.625513588685024,29.39431854896837,29.39431854896837,5
A5,c4_selectivity_pct,C4烯烃选择性,250.0,1.96,-2.477567567567551,4.437567567567551,4.437567567567551,5
A5,c4_selectivity_pct,C4烯烃选择性,275.0,6.65,4.840000000000007,1.8099999999999934,1.8099999999999934,5
A5,c4_selectivity_pct,C4烯烃选择性,300.0,10.12,11.323333333333329,-1.2033333333333296,1.2033333333333296,5
A5,c4_selectivity_pct,C4烯烃选择性,325.0,13.86,17.45965517241379,-3.59965517241379,3.59965517241379,5
A5,c4_selectivity_pct,C4烯烃选择性,350.0,18.75,23.81547169811319,-5.065471698113189,5.065471698113189,5
A5,c4_selectivity_pct,C4烯烃选择性,400.0,38.23,26.58400000000001,11.645999999999987,11.645999999999987,5
A6,ethanol_conversion_pct,乙醇转化率,250.0,13.3893967283351,-2.0221272439744453,15.411523972309546,15.411523972309546,4
A6,ethanol_conversion_pct,乙醇转化率,275.0,12.780990768999,20.477767148611996,-7.696776379612995,7.696776379612995,4
A6,ethanol_conversion_pct,乙醇转化率,300.0,25.479216201846,32.041797450319685,-6.562581248473684,6.562581248473684,4
A6,ethanol_conversion_pct,乙醇转化率,350.0,55.7550272411716,55.68387880688208,0.071148434289519,0.071148434289519,4
A6,ethanol_conversion_pct,乙醇转化率,400.0,83.3476161758825,74.84042275965803,8.507193416224467,8.507193416224467,4
A6,c4_selectivity_pct,C4烯烃选择性,250.0,3.3,-3.3169491525423638,6.616949152542364,6.616949152542364,4
A6,c4_selectivity_pct,C4烯烃选择性,275.0,7.1,4.05899999999999,3.0410000000000093,3.0410000000000093,4
A6,c4_selectivity_pct,C4烯烃选择性,300.0,7.18,10.865274725274714,-3.6852747252747147,3.6852747252747147,4
A6,c4_selectivity_pct,C4烯烃选择性,350.0,10.65,24.00759036144577,-13.357590361445771,13.357590361445771,4
A6,c4_selectivity_pct,C4烯烃选择性,400.0,37.33,14.176857142857145,23.153142857142853,23.153142857142853,4
A7,ethanol_conversion_pct,乙醇转化率,250.0,19.6562914186116,20.57529950643555,-0.9190080878239506,0.9190080878239506,4
A7,ethanol_conversion_pct,乙醇转化率,275.0,29.044956254083,29.794867154426374,-0.749910900343373,0.749910900343373,4
A7,ethanol_conversion_pct,乙醇转化率,300.0,39.9843661922415,38.73027646654508,1.2540897256964243,1.2540897256964243,4
A7,ethanol_conversion_pct,乙醇转化率,350.0,58.6049967786163,57.588101820341954,1.0168949582743423,1.0168949582743423,4
A7,ethanol_conversion_pct,乙醇转化率,400.0,76.0274161977392,78.43627612248373,-2.408859924744533,2.408859924744533,4
A7,c4_selectivity_pct,C4烯烃选择性,250.0,5.75,-0.7181355932203353,6.468135593220335,6.468135593220335,4
A7,c4_selectivity_pct,C4烯烃选择性,275.0,6.56,7.38999999999999,-0.8299999999999903,0.8299999999999903,4
A7,c4_selectivity_pct,C4烯烃选择性,300.0,8.84,12.61912087912087,-3.779120879120871,3.779120879120871,4
A7,c4_selectivity_pct,C4烯烃选择性,350.0,18.64,22.146746987951804,-3.5067469879518036,3.5067469879518036,4
A7,c4_selectivity_pct,C4烯烃选择性,400.0,33.25,24.114571428571434,9.135428571428566,9.135428571428566,4
A8,ethanol_conversion_pct,乙醇转化率,250.0,6.26573693340327,-3.8268018465711364,10.092538779974406,10.092538779974406,4
A8,ethanol_conversion_pct,乙醇转化率,275.0,8.76156996024858,10.011102015215293,-1.2495320549667124,1.2495320549667124,4
A8,ethanol_conversion_pct,乙醇转化率,300.0,13.1790478809351,19.469972157062415,-6.290924276127315,6.290924276127315,4
A8,ethanol_conversion_pct,乙醇转化率,350.0,31.7206628928351,36.43782837243696,-4.71716547960186,4.71716547960186,4
A8,ethanol_conversion_pct,乙醇转化率,400.0,56.1163898081809,42.73062922779838,13.385760580382517,13.385760580382517,4
A8,c4_selectivity_pct,C4烯烃选择性,250.0,5.63,1.0666101694915255,4.563389830508474,4.563389830508474,4
A8,c4_selectivity_pct,C4烯烃选择性,275.0,8.52,9.745999999999988,-1.2259999999999884,1.2259999999999884,4
A8,c4_selectivity_pct,C4烯烃选择性,300.0,13.82,15.862197802197795,-2.0421978021977942,2.0421978021977942,4
A8,c4_selectivity_pct,C4烯烃选择性,350.0,25.89,28.189277108433718,-2.299277108433717,2.299277108433717,4
A8,c4_selectivity_pct,C4烯烃选择性,400.0,41.42,35.548000000000016,5.871999999999986,5.871999999999986,4
A9,ethanol_conversion_pct,乙醇转化率,250.0,2.05316160924955,-8.662005529451172,10.715167138700721,10.715167138700721,4
A9,ethanol_conversion_pct,乙醇转化率,275.0,3.00257162012393,2.753512675874269,0.2490589442496609,0.2490589442496609,4
A9,ethanol_conversion_pct,乙醇转化率,300.0,4.72920063011057,10.247750368642173,-5.518549738531603,5.518549738531603,4
A9,ethanol_conversion_pct,乙醇转化率,350.0,13.3927447682896,24.74238717777401,-11.34964240948441,11.34964240948441,4
A9,ethanol_conversion_pct,乙醇转化率,400.0,40.7971628999023,18.166055200751785,22.631107699150512,22.631107699150512,4
A9,c4_selectivity_pct,C4烯烃选择性,250.0,5.4,3.345423728813568,2.0545762711864324,2.0545762711864324,4
A9,c4_selectivity_pct,C4烯烃选择性,275.0,9.68,11.158999999999992,-1.478999999999992,1.478999999999992,4
A9,c4_selectivity_pct,C4烯烃选择性,300.0,16.1,17.304615384615374,-1.2046153846153729,1.2046153846153729,4
A9,c4_selectivity_pct,C4烯烃选择性,350.0,31.04,29.21614457831324,1.8238554216867584,1.8238554216867584,4
A9,c4_selectivity_pct,C4烯烃选择性,400.0,42.04,43.316,-1.2760000000000034,1.2760000000000034,4
B1,ethanol_conversion_pct,乙醇转化率,250.0,1.40818182615844,-7.7988865807145515,9.207068406872992,9.207068406872992,4
B1,ethanol_conversion_pct,乙醇转化率,275.0,3.41791391326378,3.8444211952174996,-0.42650728195371945,0.42650728195371945,4
B1,ethanol_conversion_pct,乙醇转化率,300.0,6.72372576152924,11.790901023326262,-5.067175261797022,5.067175261797022,4
B1,ethanol_conversion_pct,乙醇转化率,350.0,19.3092626251229,26.804729540529095,-7.495466915406194,7.495466915406194,4
B1,ethanol_conversion_pct,乙醇转化率,400.0,43.595444389466,27.19143726509355,16.404007124372452,16.404007124372452,4
B1,c4_selectivity_pct,C4烯烃选择性,250.0,6.32,0.18389830508475313,6.136101694915247,6.136101694915247,4
B1,c4_selectivity_pct,C4烯烃选择性,275.0,8.25,9.61549999999999,-1.3654999999999902,1.3654999999999902,4
B1,c4_selectivity_pct,C4烯烃选择性,300.0,12.28,15.982307692307684,-3.7023076923076843,3.7023076923076843,4
B1,c4_selectivity_pct,C4烯烃选择性,350.0,25.97,27.64674698795179,-1.6767469879517911,1.6767469879517911,4
B1,c4_selectivity_pct,C4烯烃选择性,400.0,41.08,34.70028571428571,6.379714285714286,6.379714285714286,4
B2,ethanol_conversion_pct,乙醇转化率,250.0,2.76302415733759,-8.139954708443678,10.902978865781268,10.902978865781268,4
B2,ethanol_conversion_pct,乙醇转化率,275.0,4.40266107173201,3.8692031106741176,0.5334579610578922,0.5334579610578922,4
B2,ethanol_conversion_pct,乙醇转化率,300.0,6.22356275018717,12.123516230195833,-5.899953480008662,5.899953480008662,4
B2,ethanol_conversion_pct,乙醇转化率,350.0,16.1870321046694,27.786156419046314,-11.599124314376915,11.599124314376915,4
B2,ethanol_conversion_pct,乙醇转化率,400.0,45.1352390825493,21.887504945167937,23.24773413738136,23.24773413738136,4
B2,c4_selectivity_pct,C4烯烃选择性,250.0,3.26,-3.2322033898305023,6.492203389830502,6.492203389830502,4
B2,c4_selectivity_pct,C4烯烃选择性,275.0,4.97,6.551999999999985,-1.5819999999999856,1.5819999999999856,4
B2,c4_selectivity_pct,C4烯烃选择性,300.0,9.32,12.945494505494503,-3.625494505494503,3.625494505494503,4
B2,c4_selectivity_pct,C4烯烃选择性,350.0,22.88,24.962891566265057,-2.082891566265058,2.082891566265058,4
B2,c4_selectivity_pct,C4烯烃选择性,400.0,38.7,31.66228571428572,7.037714285714284,7.037714285714284,4
B3,ethanol_conversion_pct,乙醇转化率,250.0,0.394774301814516,-6.6489910816364635,7.04376538345098,7.04376538345098,5
B3,ethanol_conversion_pct,乙醇转化率,275.0,0.615197832146397,-0.309868819848397,0.925066651994794,0.925066651994794,5
B3,ethanol_conversion_pct,乙醇转化率,300.0,1.14894845380593,3.713505604600165,-2.564557150794235,2.564557150794235,5
B3,ethanol_conversion_pct,乙醇转化率,325.0,3.28521284393757,7.189297050786454,-3.904084206848884,3.904084206848884,5
B3,ethanol_conversion_pct,乙醇转化率,350.0,6.01029955582901,11.01928913839529,-5.00898958256628,5.00898958256628,5
B3,ethanol_conversion_pct,乙醇转化率,400.0,21.1001303126785,7.851312805434752,13.248817507243746,13.248817507243746,5
B3,c4_selectivity_pct,C4烯烃选择性,250.0,2.85,0.7686486486486572,2.081351351351343,2.081351351351343,5
B3,c4_selectivity_pct,C4烯烃选择性,275.0,5.35,4.516,0.8339999999999996,0.8339999999999996,5
B3,c4_selectivity_pct,C4烯烃选择性,300.0,7.61,7.792631578947364,-0.1826315789473636,0.1826315789473636,5
B3,c4_selectivity_pct,C4烯烃选择性,325.0,7.74,11.388620689655172,-3.6486206896551714,3.6486206896551714,5
B3,c4_selectivity_pct,C4烯烃选择性,350.0,13.81,13.753962264150935,0.05603773584906513,0.05603773584906513,5
B3,c4_selectivity_pct,C4烯烃选择性,400.0,21.21,17.196000000000012,4.013999999999989,4.013999999999989,5
B4,ethanol_conversion_pct,乙醇转化率,250.0,0.543983713140717,-9.705954382025716,10.249938095166433,10.249938095166433,5
B4,ethanol_conversion_pct,乙醇转化率,275.0,1.11315662843161,0.0028994613540760383,1.1102571670775339,1.1102571670775339,5
B4,ethanol_conversion_pct,乙醇转化率,300.0,3.01498497672866,6.084039582043996,-3.069054605315336,3.069054605315336,5
B4,ethanol_conversion_pct,乙醇转化率,325.0,6.05517768940117,11.67068765239329,-5.61550996299212,5.61550996299212,5
B4,ethanol_conversion_pct,乙醇转化率,350.0,9.64336126696237,17.909468486998282,-8.266107220035913,8.266107220035913,5
B4,ethanol_conversion_pct,乙醇转化率,400.0,33.4895955281135,13.330443322378056,20.15915220573544,20.15915220573544,5
B4,c4_selectivity_pct,C4烯烃选择性,250.0,6.62,0.4775675675675721,6.142432432432428,6.142432432432428,5
B4,c4_selectivity_pct,C4烯烃选择性,275.0,6.62,5.656000000000003,0.9639999999999969,0.9639999999999969,5
B4,c4_selectivity_pct,C4烯烃选择性,300.0,5.05,9.274035087719295,-4.224035087719295,4.224035087719295,5
B4,c4_selectivity_pct,C4烯烃选择性,325.0,8.33,11.610000000000001,-3.280000000000001,3.280000000000001,5
B4,c4_selectivity_pct,C4烯烃选择性,350.0,13.1,13.768113207547165,-0.6681132075471652,0.6681132075471652,5
B4,c4_selectivity_pct,C4烯烃选择性,400.0,21.45,13.812000000000008,7.637999999999991,7.637999999999991,5
B5,ethanol_conversion_pct,乙醇转化率,250.0,2.12124689485722,-10.166515891832208,12.287762786689429,12.287762786689429,5
B5,ethanol_conversion_pct,乙醇转化率,275.0,3.83357052176252,1.8492545243576544,1.9843159974048654,1.9843159974048654,5
B5,ethanol_conversion_pct,乙醇转化率,300.0,5.81212036583176,9.980186824876455,-4.168066459044695,4.168066459044695,5
B5,ethanol_conversion_pct,乙醇转化率,325.0,9.7842849683418,17.28122191852253,-7.49693695018073,7.49693695018073,5
B5,ethanol_conversion_pct,乙醇转化率,350.0,15.8632612859104,25.006432568954125,-9.143171283043724,9.143171283043724,5
B5,ethanol_conversion_pct,乙醇转化率,400.0,44.9818815507988,20.856794098815005,24.1250874519838,24.1250874519838,5
B5,c4_selectivity_pct,C4烯烃选择性,250.0,4.3,-0.15567567567565987,4.45567567567566,4.45567567567566,5
B5,c4_selectivity_pct,C4烯烃选择性,275.0,5.06,5.815000000000001,-0.7550000000000017,0.7550000000000017,5
B5,c4_selectivity_pct,C4烯烃选择性,300.0,7.92,9.557894736842103,-1.637894736842103,1.637894736842103,5
B5,c4_selectivity_pct,C4烯烃选择性,325.0,11.69,13.160172413793102,-1.4701724137931027,1.4701724137931027,5
B5,c4_selectivity_pct,C4烯烃选择性,350.0,15.34,16.954716981132066,-1.6147169811320659,1.6147169811320659,5
B5,c4_selectivity_pct,C4烯烃选择性,400.0,25.83,20.346000000000007,5.483999999999991,5.483999999999991,5
B6,ethanol_conversion_pct,乙醇转化率,250.0,2.7681694785164,-10.179285798603928,12.947455277120328,12.947455277120328,5
B6,ethanol_conversion_pct,乙醇转化率,275.0,7.51025282890253,4.720221320078444,2.790031508824086,2.790031508824086,5
B6,ethanol_conversion_pct,乙醇转化率,300.0,12.6192375239931,15.67835331770771,-3.0591157937146107,3.0591157937146107,5
B6,ethanol_conversion_pct,乙醇转化率,325.0,15.8589641330784,26.532909683854953,-10.673945550776553,10.673945550776553,5
B6,ethanol_conversion_pct,乙醇转化率,350.0,27.0309632091066,36.626227566886655,-9.595264357780056,9.595264357780056,5
B6,ethanol_conversion_pct,乙醇转化率,400.0,63.2452382390403,35.90723694086193,27.33800129817837,27.33800129817837,5
B6,c4_selectivity_pct,C4烯烃选择性,250.0,4.5,-0.5786486486486417,5.078648648648642,5.078648648648642,5
B6,c4_selectivity_pct,C4烯烃选择性,275.0,4.79,7.286,-2.4959999999999996,2.4959999999999996,5
B6,c4_selectivity_pct,C4烯烃选择性,300.0,8.77,11.91403508771929,-3.14403508771929,3.14403508771929,5
B6,c4_selectivity_pct,C4烯烃选择性,325.0,16.06,16.093103448275862,-0.0331034482758632,0.0331034482758632,5
B6,c4_selectivity_pct,C4烯烃选择性,350.0,22.41,20.34264150943395,2.0673584905660505,2.0673584905660505,5
B6,c4_selectivity_pct,C4烯烃选择性,400.0,30.48,30.14200000000001,0.3379999999999903,0.3379999999999903,5
B7,ethanol_conversion_pct,乙醇转化率,250.0,4.4,-12.275675675675643,16.67567567567564,16.67567567567564,5
B7,ethanol_conversion_pct,乙醇转化率,275.0,7.9,5.3500000000000085,2.549999999999992,2.549999999999992,5
B7,ethanol_conversion_pct,乙醇转化率,300.0,11.7,17.68245614035085,-5.982456140350852,5.982456140350852,5
B7,ethanol_conversion_pct,乙醇转化率,325.0,17.8,28.981034482758616,-11.181034482758616,11.181034482758616,5
B7,ethanol_conversion_pct,乙醇转化率,350.0,30.2,39.91698113207546,-9.716981132075464,9.716981132075464,5
B7,ethanol_conversion_pct,乙醇转化率,400.0,69.4,39.000000000000014,30.39999999999999,30.39999999999999,5
B7,c4_selectivity_pct,C4烯烃选择性,250.0,4.08,0.0721621621621722,4.007837837837828,4.007837837837828,5
B7,c4_selectivity_pct,C4烯烃选择性,275.0,6.62,8.276000000000003,-1.6560000000000032,1.6560000000000032,5
B7,c4_selectivity_pct,C4烯烃选择性,300.0,12.86,13.822982456140346,-0.962982456140347,0.962982456140347,5
B7,c4_selectivity_pct,C4烯烃选择性,325.0,18.45,19.699655172413788,-1.2496551724137888,1.2496551724137888,5
B7,c4_selectivity_pct,C4烯烃选择性,350.0,25.05,25.415471698113194,-0.36547169811319336,0.36547169811319336,5
B7,c4_selectivity_pct,C4烯烃选择性,400.0,38.17,34.920000000000016,3.249999999999986,3.249999999999986,5
