path,bytes,sha256,producer,status
output/eda/summary.json,565,08d4f373fd8cf34c8fdeef038392ef46b9ed398270eea5d14cf984c2581a0b7c,src/eda/01_discrete_eda.py,current
output/eda/run_manifest.json,700,cc2d9264477084e5a5ea47a1c012fc9a161be4a995fe41bb462d7be0a8446996,src/eda/01_discrete_eda.py,current
output/eda/tables/common_temperature_paired_changes.csv,1142,26c41531df5122ed6149b83f95d419ba27c5c8783dfc18179988f88601a937e9,src/eda/01_discrete_eda.py,current
output/eda/tables/rank_correlations_common_temperatures.csv,962,89c1a92f2cf1f718b1ac2364cdc88f310f6c847a6b755e46871ce372947e7642,src/eda/01_discrete_eda.py,current
output/eda/tables/combination_rank_stability.csv,2712,48eefe283aca0e9103009b038ce184015caf7f9eecb36ef5b79c65bae1f9733d,src/eda/01_discrete_eda.py,current
output/eda/tables/pareto_by_temperature.csv,6385,8be7e71d0cf54ef10e33ed0a1c115b5bc96b56a928f7fa04aa52f0843bf31342,src/eda/01_discrete_eda.py,current
output/eda/tables/top5_yield_by_temperature.csv,1616,6334464fc45128d2debf52476af9047123bc1b9111f769ff4a5692833da63d7f,src/eda/01_discrete_eda.py,current
output/eda/tables/attachment2_interval_changes.csv,1448,97e0b0133ad41758cdbce111d18e5c92f06edfca9fdf655236cf87ed8a00874c,src/eda/01_discrete_eda.py,current
output/eda/tables/attachment2_change_summary.csv,513,f8cbaaf635bdfdec1774ecad481f5b4891eda52726a09fe5dfeaee2b5475dccc,src/eda/01_discrete_eda.py,current
output/eda/tables/data_capability_boundaries.csv,527,e773e9a09641b98a53f80ef506bf9e29e9931d8f0560e444e7dbfefd5280b4d8,src/eda/01_discrete_eda.py,current
output/eda/figures/01_common_temperature_trajectories.png,743270,4cce147078c6e1fa3f7210021934a2ef5fcdba05842b0b8f42a07d19666d3d38,src/eda/01_discrete_eda.py,current
output/eda/figures/01_common_temperature_trajectories.pdf,233466,63c0529949f99f79d6dcdb81bde85d4e2d95056580a91ad93ab43cb10adbe7f7,src/eda/01_discrete_eda.py,current
output/eda/figures/02_paired_temperature_changes.png,215517,24b555bf0ad47d793a0415771cfa48bf04a2191d762840f658e173ebf4953c96,src/eda/01_discrete_eda.py,current
output/eda/figures/02_paired_temperature_changes.pdf,206239,c9ac1cb0f15fe6a02b24904a0640c3e9aafc8e595bee44e4afab997008b9ad63,src/eda/01_discrete_eda.py,current
output/eda/figures/03_pareto_common_temperatures.png,336331,ee53f70a0b4d7667b64fcb4bbf2bf141af52ef96f13eb117b2f8dc5edea4b898,src/eda/01_discrete_eda.py,current
output/eda/figures/03_pareto_common_temperatures.pdf,220528,36c0c83bec6676682c06fae6384af8d3af59e4d509e317e7b7aa44424f1192b2,src/eda/01_discrete_eda.py,current
output/eda/figures/04_yield_average_rank.png,115279,f71c75a10f9f9114eab8d6d1f57c5c65f51ab4d1aa004566cb1a0e59444a2fbc,src/eda/01_discrete_eda.py,current
output/eda/figures/04_yield_average_rank.pdf,206472,cd883bf025f82e0dff961ad3d26560877129ecf2a5ee1b7e4de81e057e246b86,src/eda/01_discrete_eda.py,current
output/eda/figures/05_attachment2_change_from_first.png,172833,949e6f32d4ba6fa91455b4eb002f841ec7067edeb86c9c8ac1399190f32b627e,src/eda/01_discrete_eda.py,current
output/eda/figures/05_attachment2_change_from_first.pdf,206508,e43b3dd9dd9ff4daa78bf84edb6a19b87491e4ecca251305a999c16588de9f98,src/eda/01_discrete_eda.py,current
output/eda/figures/06_attachment2_interval_rates.png,195485,7075bad0da04e68bbc1fa5287951ee221d2ae89ae3b158c6f693d6cc7e636c0a,src/eda/01_discrete_eda.py,current
output/eda/figures/06_attachment2_interval_rates.pdf,204306,a43fc3e8051d978d3c5065499ffc383bfde766d5d403251b5cc67429078b39b8,src/eda/01_discrete_eda.py,current
