scenario,rank,source_excel_row,catalyst_id,temperature_c,ethanol_conversion_pct,c4_selectivity_pct,c4_yield_pct,gap_from_best_pct_point,gap_from_previous_pct_point,evidence_status
general,1,17,A3,400.0,83.7133815760754,53.43,44.72805977609709,0.0,0.0,d0_observation
general,2,18,A3,450.0,86.4097027402944,49.9,43.118441667406906,1.609618108690185,1.609618108690185,d0_observation
general,3,24,A4,400.0,88.4393444439815,41.02,36.27781909092121,8.450240685175878,6.840622576485693,d0_observation
general,4,35,A6,400.0,83.3476161758825,37.33,31.11366511845693,13.614394657640162,5.164153972464284,d0_observation
general,5,30,A5,400.0,76.0198321376534,38.23,29.062381826224893,15.665677949872197,2.0512832922320356,d0_observation
general,6,11,A2,350.0,67.8792957456246,39.1,26.54080463653922,18.18725513955787,2.5215771896856722,d0_observation
general,7,115,B7,400.0,69.4,38.17,26.489980000000006,18.238079776097084,0.05082463653921465,d0_observation
general,8,40,A7,400.0,76.0274161977392,33.25,25.279115885748283,19.448943890348808,1.2108641142517236,d0_observation
general,9,45,A8,400.0,56.1163898081809,41.42,23.243408658548528,21.484651117548562,2.0357072271997545,d0_observation
general,10,109,B6,400.0,63.2452382390403,30.48,19.27714861525948,25.45091116083761,3.966260043289047,d0_observation
general,11,16,A3,350.0,48.9370446484212,36.85,18.03330095294321,26.69475882315388,1.24384766231627,d0_observation
general,12,80,B1,400.0,43.595444389466,41.08,17.909008555192635,26.819051220904456,0.1242923977505761,d0_observation
general,13,85,B2,400.0,45.1352390825493,38.7,17.46733752494658,27.26072225115051,0.4416710302460558,d0_observation
general,14,6,A1,350.0,36.801016971268,47.21,17.37376011213562,27.35429966396147,0.09357741281095855,d0_observation
general,15,10,A2,325.0,56.3824602331247,30.62,17.264309323382783,27.463750452714308,0.10945078875283798,d0_observation
general,16,50,A9,400.0,40.7971628999023,42.04,17.151127283118925,27.576932492978166,0.11318204026385814,d0_observation
general,17,23,A4,350.0,60.4684283526454,27.25,16.47764672609587,28.25041305000122,0.6734805570230549,d0_observation
general,18,65,A12,400.0,44.534966735128,36.3,16.166192924851465,28.561866851245625,0.31145380124440436,d0_observation
general,19,75,A14,400.0,53.6152568624797,22.3,11.956202280332972,32.77185749576412,4.209990644518493,d0_observation
general,20,103,B5,400.0,44.9818815507988,25.83,11.61882000457133,33.109239771525765,0.3373822757616427,d0_observation
general,21,70,A13,400.0,40.047154305474,27.91,11.177160766657794,33.5508990094393,0.44165923791353556,d0_observation
general,22,39,A7,350.0,58.6049967786163,18.64,10.923971399534077,33.804088376563016,0.2531893671237171,d0_observation
general,23,15,A3,325.0,37.5791851341654,28.72,10.7927419705323,33.93531780556479,0.13122942900177748,d0_observation
general,24,5,A1,325.0,19.6813590966625,49.7,9.781635471041264,34.94642430505583,1.011106499491035,d0_observation
general,25,44,A8,350.0,31.7206628928351,25.89,8.212479622955009,36.51558015314208,1.5691558480862557,d0_observation
general,26,22,A4,325.0,43.3256219763485,18.89,8.184209991332231,36.54384978476486,0.02826963162277707,d0_observation
general,27,9,A2,300.0,38.9222453049932,19.6,7.628760079778667,37.099299696318425,0.5554499115535645,d0_observation
general,28,114,B7,350.0,30.2,25.05,7.5651,37.16295977609709,0.06366007977866683,d0_observation
general,29,97,B4,400.0,33.4895955281135,21.45,7.183518240780345,37.544541535316746,0.38158175921965487,d0_observation
general,30,4,A1,300.0,14.9688914921879,46.94,7.026397666433001,37.70166210966409,0.15712057434734472,d0_observation
general,31,29,A5,350.0,36.8115789475551,18.75,6.902171052666581,37.82588872343051,0.12422661376641919,d0_observation
general,32,108,B6,350.0,27.0309632091066,22.41,6.057638855160788,38.6704209209363,0.8445321975057931,d0_observation
general,33,34,A6,350.0,55.7550272411716,10.65,5.937910401184776,38.79014937491232,0.11972845397601262,d0_observation
general,34,79,B1,350.0,19.3092626251229,25.97,5.014615503744418,39.713444272352675,0.9232948974403579,d0_observation
general,35,14,A3,300.0,29.2502335391358,17.01,4.975464725007,39.75259505109009,0.0391507787374179,d0_observation
general,36,91,B3,400.0,21.1001303126785,21.21,4.47533763931911,40.25272213677798,0.5001270856878897,d0_observation
general,37,64,A12,350.0,19.9122976584978,22.26,4.4324774587816105,40.29558231731548,0.04286018053749974,d0_observation
general,38,49,A9,350.0,13.3927447682896,31.04,4.157107976077091,40.57095180002,0.27536948270451944,d0_observation
general,39,28,A5,325.0,28.3488858758218,13.86,3.929155582388901,40.79890419370819,0.2279523936881902,d0_observation
general,40,84,B2,350.0,16.1870321046694,22.88,3.703592945548359,41.02446683054873,0.22556263684054167,d0_observation
general,41,38,A7,300.0,39.9843661922415,8.84,3.534617971394149,41.19344180470294,0.16897497415421014,d0_observation
general,42,69,A13,350.0,14.6387758329042,23.46,3.4342568103993254,41.293802965697765,0.10036116099482362,d0_observation
general,43,113,B7,325.0,17.8,18.45,3.2841000000000005,41.44395977609709,0.15015681039932494,d0_observation
general,44,21,A4,300.0,29.4765641102885,10.72,3.1598876726229275,41.56817210347416,0.124212327377073,d0_observation
general,45,8,A2,275.0,17.1955389078373,17.28,2.9713891232742857,41.756670652822805,0.18849854934864174,d0_observation
general,46,55,A10,400.0,28.5943907570513,10.29,2.9423628089005787,41.785696967196515,0.029026314373707063,d0_observation
general,47,74,A14,350.0,24.0318985551102,10.83,2.6026546135184345,42.12540516257866,0.33970819538214414,d0_observation
general,48,60,A11,400.0,32.5934981167189,7.93,2.5846644006558086,42.14339537544128,0.01799021286262592,d0_observation
general,49,107,B6,325.0,15.8589641330784,16.06,2.546949639772391,42.1811101363247,0.03771476088341741,d0_observation
general,50,102,B5,350.0,15.8632612859104,15.34,2.4334242812586555,42.29463549483844,0.11352535851373569,d0_observation
general,51,3,A1,275.0,5.8517209865374,37.43,2.1902991652609485,42.537760610836145,0.24312511599770703,d0_observation
general,52,27,A5,300.0,20.8085764699292,10.12,2.1058279387568346,42.62223183734026,0.08447122650411387,d0_observation
general,53,37,A7,275.0,29.044956254083,6.56,1.9053491302678447,42.82271064582925,0.2004788084889899,d0_observation
general,54,33,A6,300.0,25.479216201846,7.18,1.829407723292543,42.89865205280455,0.07594140697530172,d0_observation
general,55,43,A8,300.0,13.1790478809351,13.82,1.8213444171452309,42.90671535895186,0.0080633061473121,d0_observation
general,56,13,A3,275.0,19.2369353731673,8.04,1.5466496040026507,43.18141017209444,0.27469481314258015,d0_observation
general,57,112,B7,300.0,11.7,12.86,1.5046199999999998,43.22343977609709,0.04202960400265088,d0_observation
general,58,96,B4,350.0,9.64336126696237,13.1,1.2632803259720702,43.46477945012502,0.24133967402792966,d0_observation
general,59,101,B5,325.0,9.7842849683418,11.69,1.1437829127991563,43.58427686329794,0.11949741317291385,d0_observation
general,60,36,A7,250.0,19.6562914186116,5.75,1.130236756570167,43.59782301952692,0.013546156228989359,d0_observation
general,61,106,B6,300.0,12.6192375239931,8.77,1.1067071308541947,43.621352645242894,0.02352962571597228,d0_observation
general,62,20,A4,275.0,12.0977578656973,8.62,1.0428267280231072,43.68523304807398,0.06388040283108753,d0_observation
general,63,32,A6,275.0,12.780990768999,7.1,0.907450344598929,43.82060943149816,0.13537638342417813,d0_observation
general,64,7,A2,250.0,4.60299723489029,18.07,0.8317616003446753,43.89629817575241,0.07568874425425376,d0_observation
general,65,90,B3,350.0,6.01029955582901,13.81,0.8300223686599864,43.8980374074371,0.0017392316846889244,d0_observation
general,66,26,A5,275.0,12.4240108083889,6.65,0.8261967187578618,43.90186305733923,0.0038256499021245283,d0_observation
general,67,78,B1,300.0,6.72372576152924,12.28,0.8256735235157906,43.9023862525813,0.0005231952420712283,d0_observation
general,68,63,A12,300.0,6.914387607182,11.22,0.7757942895258205,43.95226548657127,0.04987923398997007,d0_observation
general,69,48,A9,300.0,4.72920063011057,16.1,0.7614013014478017,43.966658474649286,0.014392988078018809,d0_observation
general,70,42,A8,275.0,8.76156996024858,8.52,0.7464857606131791,43.981574015483915,0.014915540834622654,d0_observation
general,71,2,A1,250.0,2.06716944958221,34.05,0.7038711975827424,44.02418857851435,0.04261456303043665,d0_observation
general,72,83,B2,300.0,6.22356275018717,9.32,0.5800360483174444,44.148023727779645,0.12383514926529804,d0_observation
general,73,12,A3,250.0,9.6693729570379,5.5,0.5318155126370846,44.19624426346001,0.04822053568035978,d0_observation
general,74,111,B7,275.0,7.9,6.62,0.52298,44.205079776097094,0.008835512637084597,d0_observation
general,75,68,A13,300.0,4.06672930913986,12.74,0.5181013139844182,44.209958462112674,0.004878686015581835,d0_observation
general,76,95,B4,325.0,6.05517768940117,8.33,0.5043963015271175,44.223663474569975,0.013705012457300714,d0_observation
general,77,100,B5,300.0,5.81212036583176,7.92,0.4603199329738753,44.267739843123216,0.04407636855324215,d0_observation
general,78,31,A6,250.0,13.3893967283351,3.3,0.4418500920350582,44.28620968406203,0.018469840938817095,d0_observation
general,79,19,A4,250.0,4.0193913236899,9.62,0.3866654453389684,44.34139433075812,0.0551846466960898,d0_observation
general,80,73,A14,300.0,10.1520362574393,3.61,0.3664885088935588,44.36157126720353,0.020176936445409632,d0_observation
general,81,105,B6,275.0,7.51025282890253,4.79,0.3597411105044312,44.36831866559266,0.006747398389127579,d0_observation
general,82,59,A11,350.0,8.20758112698906,4.35,0.3570297790240241,44.371029997073066,0.0027113314804070865,d0_observation
general,83,41,A8,250.0,6.26573693340327,5.63,0.3527609893506041,44.375298786746484,0.0042687896734199815,d0_observation
general,84,54,A10,350.0,9.01884092947588,3.3,0.297621750672704,44.43043802542439,0.055139238677900104,d0_observation
general,85,47,A9,275.0,3.00257162012393,9.68,0.2906489328279964,44.43741084326909,0.006972817844707602,d0_observation
general,86,25,A5,250.0,14.7871833611187,1.96,0.2898287938779265,44.43823098221917,0.0008201389500699374,d0_observation
general,87,77,B1,275.0,3.41791391326378,8.25,0.2819778978442618,44.446081878252826,0.007850896033664678,d0_observation
general,88,62,A12,275.0,3.47363039678394,8.11,0.2817114251791775,44.446348350917916,0.000266472665084283,d0_observation
general,89,89,B3,325.0,3.28521284393757,7.74,0.2542754741207679,44.47378430197632,0.027435951058409624,d0_observation
general,90,82,B2,275.0,4.40266107173201,4.97,0.2188122552650808,44.50924752083201,0.035463218855687095,d0_observation
general,91,99,B5,275.0,3.83357052176252,5.06,0.1939786684011834,44.534081107695904,0.02483358686389739,d0_observation
general,92,110,B7,250.0,4.4,4.08,0.17952,44.548539776097094,0.0144586684011834,d0_observation
general,93,67,A13,275.0,2.30545598480325,7.62,0.1756757460420076,44.55238403005508,0.0038442539579923996,d0_observation
general,94,94,B4,300.0,3.01498497672866,5.05,0.1522567413247973,44.57580303477229,0.023419004717210312,d0_observation
general,95,72,A14,275.0,5.33483516226759,2.55,0.1360382966378235,44.59202147945927,0.01621844468697381,d0_observation
general,96,104,B6,250.0,2.7681694785164,4.5,0.124567626533238,44.603492149563856,0.011470670104585495,d0_observation
general,97,46,A9,250.0,2.05316160924955,5.4,0.1108707268994757,44.61718904919761,0.013696899633762291,d0_observation
general,98,98,B5,250.0,2.12124689485722,4.3,0.0912136164788604,44.63684615961823,0.019657110420615312,d0_observation
general,99,81,B2,250.0,2.76302415733759,3.26,0.0900745875292054,44.63798518856788,0.0011390289496549938,d0_observation
general,100,76,B1,250.0,1.40818182615844,6.32,0.0889970914132134,44.63906268468388,0.001077496115992005,d0_observation
general,101,61,A12,250.0,1.44170934251802,6.17,0.0889534664333618,44.63910630966373,4.362497985159475e-05,d0_observation
general,102,88,B3,300.0,1.14894845380593,7.61,0.0874349773346312,44.64062479876246,0.0015184890987306049,d0_observation
general,103,93,B4,275.0,1.11315662843161,6.62,0.0736909688021725,44.654368807294915,0.01374400853245869,d0_observation
general,104,66,A13,250.0,1.34694843685351,5.19,0.0699066238726971,44.65815315222439,0.0037843449294754083,d0_observation
general,105,71,A14,250.0,2.49268861247491,1.89,0.0471118147757758,44.680947961321316,0.022794809096921297,d0_observation
general,106,53,A10,300.0,1.68467573268495,2.17,0.0365574633992634,44.69150231269783,0.010554351376512401,d0_observation
general,107,92,B4,250.0,0.543983713140717,6.62,0.0360117218099154,44.69204805428718,0.0005457415893479964,d0_observation
general,108,87,B3,275.0,0.615197832146397,5.35,0.0329130840198322,44.69514669207726,0.0030986377900832016,d0_observation
general,109,58,A11,300.0,1.60755277655185,1.82,0.0292574605332436,44.698802315563846,0.0036556234865885995,d0_observation
general,110,52,A10,275.0,1.01545342802349,1.65,0.0167549815623875,44.711304794534705,0.012502478970856101,d0_observation
general,111,86,B3,250.0,0.394774301814516,2.85,0.0112510676017137,44.71680870849538,0.0055039139606738,d0_observation
general,112,51,A10,250.0,0.319963965933778,2.19,0.0070072108539497,44.72105256524314,0.004243856747764,d0_observation
general,113,57,A11,275.0,0.516312042222788,1.0,0.0051631204222278,44.722896655674866,0.0018440904317219,d0_observation
general,114,56,A11,250.0,0.227691554459886,0.1,0.0002276915544598,44.727832084542634,0.004935428867768,d0_observation
strict_below_350,1,10,A2,325.0,56.3824602331247,30.62,17.264309323382783,0.0,0.0,d0_observation
strict_below_350,2,15,A3,325.0,37.5791851341654,28.72,10.7927419705323,6.471567352850483,6.471567352850483,d0_observation
strict_below_350,3,5,A1,325.0,19.6813590966625,49.7,9.781635471041264,7.482673852341518,1.011106499491035,d0_observation
strict_below_350,4,22,A4,325.0,43.3256219763485,18.89,8.184209991332231,9.080099332050551,1.5974254797090328,d0_observation
strict_below_350,5,9,A2,300.0,38.9222453049932,19.6,7.628760079778667,9.635549243604116,0.5554499115535645,d0_observation
strict_below_350,6,4,A1,300.0,14.9688914921879,46.94,7.026397666433001,10.237911656949782,0.6023624133456664,d0_observation
strict_below_350,7,14,A3,300.0,29.2502335391358,17.01,4.975464725007,12.288844598375782,2.0509329414260007,d0_observation
strict_below_350,8,28,A5,325.0,28.3488858758218,13.86,3.929155582388901,13.335153740993881,1.046309142618099,d0_observation
strict_below_350,9,38,A7,300.0,39.9843661922415,8.84,3.534617971394149,13.729691351988635,0.3945376109947518,d0_observation
strict_below_350,10,113,B7,325.0,17.8,18.45,3.2841000000000005,13.980209323382782,0.25051797139414855,d0_observation
strict_below_350,11,21,A4,300.0,29.4765641102885,10.72,3.1598876726229275,14.104421650759855,0.124212327377073,d0_observation
strict_below_350,12,8,A2,275.0,17.1955389078373,17.28,2.9713891232742857,14.292920200108497,0.18849854934864174,d0_observation
strict_below_350,13,107,B6,325.0,15.8589641330784,16.06,2.546949639772391,14.717359683610391,0.42443948350189453,d0_observation
strict_below_350,14,3,A1,275.0,5.8517209865374,37.43,2.1902991652609485,15.074010158121833,0.3566504745114427,d0_observation
strict_below_350,15,27,A5,300.0,20.8085764699292,10.12,2.1058279387568346,15.158481384625947,0.08447122650411387,d0_observation
strict_below_350,16,37,A7,275.0,29.044956254083,6.56,1.9053491302678447,15.358960193114939,0.2004788084889899,d0_observation
strict_below_350,17,33,A6,300.0,25.479216201846,7.18,1.829407723292543,15.434901600090239,0.07594140697530172,d0_observation
strict_below_350,18,43,A8,300.0,13.1790478809351,13.82,1.8213444171452309,15.442964906237552,0.0080633061473121,d0_observation
strict_below_350,19,13,A3,275.0,19.2369353731673,8.04,1.5466496040026507,15.717659719380132,0.27469481314258015,d0_observation
strict_below_350,20,112,B7,300.0,11.7,12.86,1.5046199999999998,15.759689323382783,0.04202960400265088,d0_observation
strict_below_350,21,101,B5,325.0,9.7842849683418,11.69,1.1437829127991563,16.120526410583626,0.3608370872008435,d0_observation
strict_below_350,22,36,A7,250.0,19.6562914186116,5.75,1.130236756570167,16.134072566812616,0.013546156228989359,d0_observation
strict_below_350,23,106,B6,300.0,12.6192375239931,8.77,1.1067071308541947,16.15760219252859,0.02352962571597228,d0_observation
strict_below_350,24,20,A4,275.0,12.0977578656973,8.62,1.0428267280231072,16.221482595359674,0.06388040283108753,d0_observation
strict_below_350,25,32,A6,275.0,12.780990768999,7.1,0.907450344598929,16.356858978783855,0.13537638342417813,d0_observation
strict_below_350,26,7,A2,250.0,4.60299723489029,18.07,0.8317616003446753,16.43254772303811,0.07568874425425376,d0_observation
strict_below_350,27,26,A5,275.0,12.4240108083889,6.65,0.8261967187578618,16.43811260462492,0.005564881586813453,d0_observation
strict_below_350,28,78,B1,300.0,6.72372576152924,12.28,0.8256735235157906,16.438635799866994,0.0005231952420712283,d0_observation
strict_below_350,29,63,A12,300.0,6.914387607182,11.22,0.7757942895258205,16.488515033856963,0.04987923398997007,d0_observation
strict_below_350,30,48,A9,300.0,4.72920063011057,16.1,0.7614013014478017,16.50290802193498,0.014392988078018809,d0_observation
strict_below_350,31,42,A8,275.0,8.76156996024858,8.52,0.7464857606131791,16.517823562769603,0.014915540834622654,d0_observation
strict_below_350,32,2,A1,250.0,2.06716944958221,34.05,0.7038711975827424,16.56043812580004,0.04261456303043665,d0_observation
strict_below_350,33,83,B2,300.0,6.22356275018717,9.32,0.5800360483174444,16.684273275065337,0.12383514926529804,d0_observation
strict_below_350,34,12,A3,250.0,9.6693729570379,5.5,0.5318155126370846,16.732493810745698,0.04822053568035978,d0_observation
strict_below_350,35,111,B7,275.0,7.9,6.62,0.52298,16.741329323382782,0.008835512637084597,d0_observation
strict_below_350,36,68,A13,300.0,4.06672930913986,12.74,0.5181013139844182,16.746208009398366,0.004878686015581835,d0_observation
strict_below_350,37,95,B4,325.0,6.05517768940117,8.33,0.5043963015271175,16.759913021855667,0.013705012457300714,d0_observation
strict_below_350,38,100,B5,300.0,5.81212036583176,7.92,0.4603199329738753,16.80398939040891,0.04407636855324215,d0_observation
strict_below_350,39,31,A6,250.0,13.3893967283351,3.3,0.4418500920350582,16.822459231347725,0.018469840938817095,d0_observation
strict_below_350,40,19,A4,250.0,4.0193913236899,9.62,0.3866654453389684,16.877643878043813,0.0551846466960898,d0_observation
strict_below_350,41,73,A14,300.0,10.1520362574393,3.61,0.3664885088935588,16.897820814489222,0.020176936445409632,d0_observation
strict_below_350,42,105,B6,275.0,7.51025282890253,4.79,0.3597411105044312,16.904568212878353,0.006747398389127579,d0_observation
strict_below_350,43,41,A8,250.0,6.26573693340327,5.63,0.3527609893506041,16.91154833403218,0.006980121153827068,d0_observation
strict_below_350,44,47,A9,275.0,3.00257162012393,9.68,0.2906489328279964,16.973660390554787,0.062112056522607706,d0_observation
strict_below_350,45,25,A5,250.0,14.7871833611187,1.96,0.2898287938779265,16.974480529504856,0.0008201389500699374,d0_observation
strict_below_350,46,77,B1,275.0,3.41791391326378,8.25,0.2819778978442618,16.982331425538522,0.007850896033664678,d0_observation
strict_below_350,47,62,A12,275.0,3.47363039678394,8.11,0.2817114251791775,16.982597898203604,0.000266472665084283,d0_observation
strict_below_350,48,89,B3,325.0,3.28521284393757,7.74,0.2542754741207679,17.010033849262015,0.027435951058409624,d0_observation
strict_below_350,49,82,B2,275.0,4.40266107173201,4.97,0.2188122552650808,17.0454970681177,0.035463218855687095,d0_observation
strict_below_350,50,99,B5,275.0,3.83357052176252,5.06,0.1939786684011834,17.0703306549816,0.02483358686389739,d0_observation
strict_below_350,51,110,B7,250.0,4.4,4.08,0.17952,17.084789323382783,0.0144586684011834,d0_observation
strict_below_350,52,67,A13,275.0,2.30545598480325,7.62,0.1756757460420076,17.088633577340776,0.0038442539579923996,d0_observation
strict_below_350,53,94,B4,300.0,3.01498497672866,5.05,0.1522567413247973,17.112052582057984,0.023419004717210312,d0_observation
strict_below_350,54,72,A14,275.0,5.33483516226759,2.55,0.1360382966378235,17.128271026744958,0.01621844468697381,d0_observation
strict_below_350,55,104,B6,250.0,2.7681694785164,4.5,0.124567626533238,17.139741696849544,0.011470670104585495,d0_observation
strict_below_350,56,46,A9,250.0,2.05316160924955,5.4,0.1108707268994757,17.15343859648331,0.013696899633762291,d0_observation
strict_below_350,57,98,B5,250.0,2.12124689485722,4.3,0.0912136164788604,17.173095706903922,0.019657110420615312,d0_observation
strict_below_350,58,81,B2,250.0,2.76302415733759,3.26,0.0900745875292054,17.174234735853577,0.0011390289496549938,d0_observation
strict_below_350,59,76,B1,250.0,1.40818182615844,6.32,0.0889970914132134,17.17531223196957,0.001077496115992005,d0_observation
strict_below_350,60,61,A12,250.0,1.44170934251802,6.17,0.0889534664333618,17.17535585694942,4.362497985159475e-05,d0_observation
strict_below_350,61,88,B3,300.0,1.14894845380593,7.61,0.0874349773346312,17.17687434604815,0.0015184890987306049,d0_observation
strict_below_350,62,93,B4,275.0,1.11315662843161,6.62,0.0736909688021725,17.19061835458061,0.01374400853245869,d0_observation
strict_below_350,63,66,A13,250.0,1.34694843685351,5.19,0.0699066238726971,17.194402699510086,0.0037843449294754083,d0_observation
strict_below_350,64,71,A14,250.0,2.49268861247491,1.89,0.0471118147757758,17.217197508607008,0.022794809096921297,d0_observation
strict_below_350,65,53,A10,300.0,1.68467573268495,2.17,0.0365574633992634,17.22775185998352,0.010554351376512401,d0_observation
strict_below_350,66,92,B4,250.0,0.543983713140717,6.62,0.0360117218099154,17.228297601572866,0.0005457415893479964,d0_observation
strict_below_350,67,87,B3,275.0,0.615197832146397,5.35,0.0329130840198322,17.23139623936295,0.0030986377900832016,d0_observation
strict_below_350,68,58,A11,300.0,1.60755277655185,1.82,0.0292574605332436,17.235051862849538,0.0036556234865885995,d0_observation
strict_below_350,69,52,A10,275.0,1.01545342802349,1.65,0.0167549815623875,17.247554341820397,0.012502478970856101,d0_observation
strict_below_350,70,86,B3,250.0,0.394774301814516,2.85,0.0112510676017137,17.25305825578107,0.0055039139606738,d0_observation
strict_below_350,71,51,A10,250.0,0.319963965933778,2.19,0.0070072108539497,17.257302112528834,0.004243856747764,d0_observation
strict_below_350,72,57,A11,275.0,0.516312042222788,1.0,0.0051631204222278,17.259146202960554,0.0018440904317219,d0_observation
strict_below_350,73,56,A11,250.0,0.227691554459886,0.1,0.0002276915544598,17.264081631828322,0.004935428867768,d0_observation
