time_min,rank,candidate_catalyst_id,standardized_euclidean_distance
20.0,1,A3,0.9190303473951174
20.0,2,A2,1.8940792826185933
20.0,3,A5,2.3622914692984898
20.0,4,A8,2.437066699623688
20.0,5,B6,2.551513546718582
70.0,1,A3,0.87807828418206
70.0,2,B7,2.0325136271708355
70.0,3,A5,2.041876258144512
70.0,4,B6,2.091105015720649
70.0,5,A12,2.22076798439159
110.0,1,A3,1.2960272108106847
110.0,2,B6,1.9492232229366036
110.0,3,B2,1.9957521012285955
110.0,4,A8,2.0683947070460786
110.0,5,B1,2.2094165139062936
163.0,1,A3,1.2920532983713944
163.0,2,B6,2.158450750192397
163.0,3,B7,2.1985282804305024
163.0,4,A12,2.227901509498655
163.0,5,A13,2.247110843282717
197.0,1,A3,1.2109533552429723
197.0,2,B6,2.083405976602316
197.0,3,A13,2.1012623595053372
197.0,4,B2,2.204454889781925
197.0,5,A5,2.2466747600385726
240.0,1,A3,1.3696984386310949
240.0,2,B7,2.1759136892462982
240.0,3,A13,2.2680149388507393
240.0,4,A12,2.2755738653887496
240.0,5,B6,2.2917570627288013
273.0,1,A3,1.272797823355859
273.0,2,A13,2.0290216843738285
273.0,3,B6,2.110245388882092
273.0,4,B2,2.2072809575035994
273.0,5,A8,2.2233855086638923
