source_excel_row,catalyst_id,catalyst_description,temperature_c,ethanol_conversion_pct,ethylene_selectivity_pct,c4_selectivity_pct,acetaldehyde_selectivity_pct,c4_12_alcohol_selectivity_pct,methylbenzaldehyde_methylbenzyl_alcohol_selectivity_pct,other_selectivity_pct,loading_method,cosio2_mass_mg,co_loading_wt_pct,hap_mass_mg,quartz_mass_mg,has_hap,active_catalyst_mass_mg,total_packed_mass_mg,cosio2_to_hap_ratio,hap_mass_fraction,ethanol_condition_ml_min,c4_yield_pct,selectivity_sum_pct,selectivity_closure_error_pct_point,selectivity_closure_abs_error_pct_point,duplicate_catalyst_temperature,ethanol_conversion_pct_global_iqr_flag,ethanol_conversion_pct_within_temperature_robust_z,ethanol_conversion_pct_within_temperature_flag,c4_selectivity_pct_global_iqr_flag,c4_selectivity_pct_within_temperature_robust_z,c4_selectivity_pct_within_temperature_flag,c4_yield_pct_global_iqr_flag,c4_yield_pct_within_temperature_robust_z,c4_yield_pct_within_temperature_flag
2,A1,200mg 1wt%Co/SiO2- 200mg HAP-乙醇浓度1.68ml/min,250.0,2.06716944958221,1.17,34.05,2.41,52.59,0.0,9.78,I,200.0,1.0,200.0,0.0,True,400.0,400.0,1.0,0.5,1.68,0.7038711975827424,100.0,0.0,0.0,False,False,-0.15048024001133412,False,False,13.612636363636366,True,False,4.015059078653655,True
3,A1,200mg 1wt%Co/SiO2- 200mg HAP-乙醇浓度1.68ml/min,275.0,5.8517209865374,1.63,37.43,1.42,53.21,0.0,6.31,I,200.0,1.0,200.0,0.0,True,400.0,400.0,1.0,0.5,1.68,2.1902991652609485,100.0,0.0,0.0,False,False,0.10174101849825169,False,False,12.975693750000005,True,False,4.971423601726911,True
4,A1,200mg 1wt%Co/SiO2- 200mg HAP-乙醇浓度1.68ml/min,300.0,14.9688914921879,3.02,46.94,4.71,35.16,1.0,9.17,I,200.0,1.0,200.0,0.0,True,400.0,400.0,1.0,0.5,1.68,7.026397666433001,100.0,0.0,0.0,False,False,0.5339038578400496,False,False,9.063901459854014,True,False,5.665361766915005,True
5,A1,200mg 1wt%Co/SiO2- 200mg HAP-乙醇浓度1.68ml/min,325.0,19.6813590966625,7.97,49.7,14.69,15.16,2.13,10.35,I,200.0,1.0,200.0,0.0,True,400.0,400.0,1.0,0.5,1.68,9.781635471041263,99.99999999999999,-1.4210854715202004e-14,1.4210854715202004e-14,False,False,0.0569208451141298,False,False,3.0205869565217403,False,False,1.2905689366700301,False
6,A1,200mg 1wt%Co/SiO2- 200mg HAP-乙醇浓度1.68ml/min,350.0,36.801016971268,12.46,47.21,18.66,9.22,1.69,10.76,I,200.0,1.0,200.0,0.0,True,400.0,400.0,1.0,0.5,1.68,17.37376011213562,100.0,0.0,0.0,False,False,0.6745,False,False,2.3659971711456858,False,False,3.229610795875798,False
7,A2,200mg 2wt%Co/SiO2- 200mg HAP-乙醇浓度1.68ml/min,250.0,4.60299723489029,0.61,18.07,0.94,72.99,0.0,7.39,I,200.0,2.0,200.0,0.0,True,400.0,400.0,1.0,0.5,1.68,0.8317616003446753,100.0,0.0,0.0,False,False,0.746287771954305,False,False,6.075216783216784,True,False,4.880973269396743,True
8,A2,200mg 2wt%Co/SiO2- 200mg HAP-乙醇浓度1.68ml/min,275.0,17.1955389078373,0.51,17.28,1.43,72.62,0.0,8.16,I,200.0,2.0,200.0,0.0,True,400.0,400.0,1.0,0.5,1.68,2.9713891232742857,100.0,0.0,0.0,False,False,2.3345969700078166,False,False,4.4812093750000015,True,False,7.0155520344469275,True
9,A2,200mg 2wt%Co/SiO2- 200mg HAP-乙醇浓度1.68ml/min,300.0,38.9222453049932,0.85,19.6,2.21,67.5,0.0,9.84,I,200.0,2.0,200.0,0.0,True,400.0,400.0,1.0,0.5,1.68,7.628760079778667,100.0,0.0,0.0,False,False,3.18891161406378,False,False,2.3336715328467155,False,False,6.2157170008747755,True
10,A2,200mg 2wt%Co/SiO2- 200mg HAP-乙醇浓度1.68ml/min,325.0,56.3824602331247,1.43,30.62,3.79,51.21,0.0,12.95,I,200.0,2.0,200.0,0.0,True,400.0,400.0,1.0,0.5,1.68,17.264309323382783,100.00000000000001,1.4210854715202004e-14,1.4210854715202004e-14,False,False,2.2777171800748843,False,False,1.2442639751552798,False,False,2.854438479469465,False
11,A2,200mg 2wt%Co/SiO2- 200mg HAP-乙醇浓度1.68ml/min,350.0,67.8792957456246,2.76,39.1,4.2,36.92,1.87,15.15,I,200.0,2.0,200.0,0.0,True,400.0,400.0,1.0,0.5,1.68,26.54080463653922,100.00000000000001,1.4210854715202004e-14,1.4210854715202004e-14,False,False,2.316140272266426,False,False,1.5922779349363507,False,True,5.62508288560174,True
12,A3,200mg 1wt%Co/SiO2- 200mg HAP-乙醇浓度0.9ml/min,250.0,9.6693729570379,0.13,5.5,1.23,85.09,3.97,4.08,I,200.0,1.0,200.0,0.0,True,400.0,400.0,1.0,0.5,0.9,0.5318155126370846,100.0,0.0,0.0,False,False,2.5379566346997753,False,False,0.14622027972027957,False,False,2.850112718528397,False
13,A3,200mg 1wt%Co/SiO2- 200mg HAP-乙醇浓度0.9ml/min,275.0,19.2369353731673,0.33,8.04,1.71,82.07,2.88,4.97,I,200.0,1.0,200.0,0.0,True,400.0,400.0,1.0,0.5,0.9,1.5466496040026507,99.99999999999999,-1.4210854715202004e-14,1.4210854715202004e-14,False,False,2.736414442628212,False,False,0.5859718749999996,False,False,3.2869795048878307,False
14,A3,200mg 1wt%Co/SiO2- 200mg HAP-乙醇浓度0.9ml/min,300.0,29.2502335391358,0.71,17.01,3.63,66.9,3.18,8.57,I,200.0,1.0,200.0,0.0,True,400.0,400.0,1.0,0.5,0.9,4.975464725007,100.0,0.0,0.0,False,False,2.1168585538818436,False,False,1.6960967153284674,False,False,3.7915036811406946,True
15,A3,200mg 1wt%Co/SiO2- 200mg HAP-乙醇浓度0.9ml/min,325.0,37.5791851341654,1.83,28.72,5.72,49.77,3.44,10.52,I,200.0,1.0,200.0,0.0,True,400.0,400.0,1.0,0.5,0.9,10.792741970532301,99.99999999999999,-1.4210854715202004e-14,1.4210854715202004e-14,False,False,1.1399244945158886,False,False,1.0673764665286405,False,False,1.5018889394235615,False
16,A3,200mg 1wt%Co/SiO2- 200mg HAP-乙醇浓度0.9ml/min,350.0,48.9370446484212,2.85,36.85,7.23,38.29,3.51,11.27,I,200.0,1.0,200.0,0.0,True,400.0,400.0,1.0,0.5,0.9,18.033300952943215,100.0,0.0,0.0,False,False,1.315558403678185,False,False,1.3776209335219238,False,True,3.4019576926300443,False
17,A3,200mg 1wt%Co/SiO2- 200mg HAP-乙醇浓度0.9ml/min,400.0,83.7133815760754,6.76,53.43,8.95,14.37,3.38,13.11,I,200.0,1.0,200.0,0.0,True,400.0,400.0,1.0,0.5,0.9,44.72805977609709,100.0,0.0,0.0,False,True,2.074748408755745,False,True,2.012924216027874,False,True,2.353799136271702,False
18,A3,200mg 1wt%Co/SiO2- 200mg HAP-乙醇浓度0.9ml/min,450.0,86.4097027402944,14.84,49.9,8.39,12.41,2.09,12.37,I,200.0,1.0,200.0,0.0,True,400.0,400.0,1.0,0.5,0.9,43.118441667406906,100.0,0.0,0.0,False,True,0.0,False,False,0.0,False,True,0.0,False
19,A4,200mg 0.5wt%Co/SiO2- 200mg HAP-乙醇浓度1.68ml/min,250.0,4.0193913236899,0.27,9.62,1.49,79.51,6.53,2.58,I,200.0,0.5,200.0,0.0,True,400.0,400.0,1.0,0.5,1.68,0.3866654453389684,100.0,0.0,0.0,False,False,0.5399018668109141,False,False,2.089534965034965,False,False,1.8673376208948436,False
20,A4,200mg 0.5wt%Co/SiO2- 200mg HAP-乙醇浓度1.68ml/min,275.0,12.0977578656973,0.36,8.62,1.66,81.44,5.18,2.74,I,200.0,0.5,200.0,0.0,True,400.0,400.0,1.0,0.5,1.68,1.0428267280231072,99.99999999999999,-1.4210854715202004e-14,1.4210854715202004e-14,False,False,1.3311772379207745,False,False,0.8304781249999997,False,False,1.968464709915943,False
21,A4,200mg 0.5wt%Co/SiO2- 200mg HAP-乙醇浓度1.68ml/min,300.0,29.4765641102885,0.54,10.72,2.41,76.32,5.88,4.13,I,200.0,0.5,200.0,0.0,True,400.0,400.0,1.0,0.5,1.68,3.1598876726229275,99.99999999999999,-1.4210854715202004e-14,1.4210854715202004e-14,False,False,2.141945204652214,False,False,0.14770072992700764,False,False,2.1326811661584637,False
22,A4,200mg 0.5wt%Co/SiO2- 200mg HAP-乙醇浓度1.68ml/min,325.0,43.3256219763485,1.02,18.89,4.42,59.65,7.64,8.38,I,200.0,0.5,200.0,0.0,True,400.0,400.0,1.0,0.5,1.68,8.184209991332231,99.99999999999999,-1.4210854715202004e-14,1.4210854715202004e-14,False,False,1.4876433771388704,False,False,0.15221635610766063,False,False,0.956708995169708,False
23,A4,200mg 0.5wt%Co/SiO2- 200mg HAP-乙醇浓度1.68ml/min,350.0,60.4684283526454,2.23,27.25,6.8,45.0,8.73,9.99,I,200.0,0.5,200.0,0.0,True,400.0,400.0,1.0,0.5,1.68,16.47764672609587,100.0,0.0,0.0,False,False,1.9246778475590716,False,False,0.46175106082036776,False,False,2.9954443096354915,False
24,A4,200mg 0.5wt%Co/SiO2- 200mg HAP-乙醇浓度1.68ml/min,400.0,88.4393444439815,3.67,41.02,10.82,16.47,10.51,17.51,I,200.0,0.5,200.0,0.0,True,400.0,400.0,1.0,0.5,1.68,36.27781909092121,100.00000000000001,1.4210854715202004e-14,1.4210854715202004e-14,False,True,2.3289126402677294,False,False,0.554641114982579,False,True,1.62417176092894,False
25,A5,200mg 2wt%Co/SiO2- 200mg HAP-乙醇浓度0.3ml/min,250.0,14.7871833611187,0.14,1.96,3.27,88.42,3.36,2.85,I,200.0,2.0,200.0,0.0,True,400.0,400.0,1.0,0.5,0.3,0.2898287938779265,100.0,0.0,0.0,False,False,4.347814815241409,True,False,-1.5235209790209796,False,False,1.211680676563775,False
26,A5,200mg 2wt%Co/SiO2- 200mg HAP-乙醇浓度0.3ml/min,275.0,12.4240108083889,0.19,6.65,11.27,70.05,5.77,6.07,I,200.0,2.0,200.0,0.0,True,400.0,400.0,1.0,0.5,0.3,0.8261967187578618,100.0,0.0,0.0,False,False,1.3953951079395284,False,False,0.0,False,False,1.4015395346828903,False
27,A5,200mg 2wt%Co/SiO2- 200mg HAP-乙醇浓度0.3ml/min,300.0,20.8085764699292,0.74,10.12,13.18,62.45,5.66,7.85,I,200.0,2.0,200.0,0.0,True,400.0,400.0,1.0,0.5,0.3,2.1058279387568346,100.0,0.0,0.0,False,False,1.1811789338470595,False,False,0.0,False,False,1.1696275648930896,False
28,A5,200mg 2wt%Co/SiO2- 200mg HAP-乙醇浓度0.3ml/min,325.0,28.3488858758218,1.14,13.86,15.83,56.28,2.92,9.97,I,200.0,2.0,200.0,0.0,True,400.0,400.0,1.0,0.5,0.3,3.9291555823889013,100.0,0.0,0.0,False,False,0.581395891046952,False,False,-0.31607004830917873,False,False,0.06740790782930353,False
29,A5,200mg 2wt%Co/SiO2- 200mg HAP-乙醇浓度0.3ml/min,350.0,36.8115789475551,3.11,18.75,16.16,48.0,4.36,9.62,I,200.0,2.0,200.0,0.0,True,400.0,400.0,1.0,0.5,0.3,6.902171052666581,100.0,0.0,0.0,False,False,0.6750579126744282,False,False,-0.34917538896746814,False,False,0.493243664652599,False
30,A5,200mg 2wt%Co/SiO2- 200mg HAP-乙醇浓度0.3ml/min,400.0,76.0198321376534,6.38,38.23,9.64,25.72,3.71,16.32,I,200.0,2.0,200.0,0.0,True,400.0,400.0,1.0,0.5,0.3,29.062381826224893,100.0,0.0,0.0,False,False,1.6609861479696437,False,False,0.22679181184668978,False,True,1.0011622219667773,False
31,A6,200mg 5wt%Co/SiO2- 200mg HAP-乙醇浓度1.68ml/min,250.0,13.3893967283351,0.2,3.3,11.59,80.23,1.04,3.64,I,200.0,5.0,200.0,0.0,True,400.0,400.0,1.0,0.5,1.68,0.44185009203505826,100.00000000000001,1.4210854715202004e-14,1.4210854715202004e-14,False,False,3.8535027223241034,True,False,-0.8914720279720284,False,False,2.240979173766013,False
32,A6,200mg 5wt%Co/SiO2- 200mg HAP-乙醇浓度1.68ml/min,275.0,12.780990768999,0.38,7.1,26.67,55.7,2.02,8.13,I,200.0,5.0,200.0,0.0,True,400.0,400.0,1.0,0.5,1.68,0.907450344598929,99.99999999999999,-1.4210854715202004e-14,1.4210854715202004e-14,False,False,1.4656611184791772,False,False,0.18970312499999972,False,False,1.614181939234817,False
33,A6,200mg 5wt%Co/SiO2- 200mg HAP-乙醇浓度1.68ml/min,300.0,25.479216201846,1.46,7.18,28.51,51.07,2.12,9.66,I,200.0,5.0,200.0,0.0,True,400.0,400.0,1.0,0.5,1.68,1.829407723292543,100.0,0.0,0.0,False,False,1.6988761553583354,False,False,-0.7237335766423356,False,False,0.917073107671735,False
34,A6,200mg 5wt%Co/SiO2- 200mg HAP-乙醇浓度1.68ml/min,350.0,55.7550272411716,14.49,10.65,42.75,19.83,3.74,8.54,I,200.0,5.0,200.0,0.0,True,400.0,400.0,1.0,0.5,1.68,5.937910401184776,100.0,0.0,0.0,False,False,1.6757030204742043,False,False,-1.1219405940594058,False,False,0.24126938093481623,False
35,A6,200mg 5wt%Co/SiO2- 200mg HAP-乙醇浓度1.68ml/min,400.0,83.3476161758825,6.18,37.33,16.08,19.48,7.61,13.32,I,200.0,5.0,200.0,0.0,True,400.0,400.0,1.0,0.5,1.68,31.113665118456932,100.0,0.0,0.0,False,True,2.055077394731275,False,False,0.12103397212543564,False,True,1.178278176453294,False
36,A7,50mg 1wt%Co/SiO2- 50mg HAP-乙醇浓度0.3ml/min,250.0,19.6562914186116,0.18,5.75,3.69,87.26,0.0,3.12,I,50.0,1.0,50.0,0.0,True,100.0,100.0,1.0,0.5,0.3,1.130236756570167,100.00000000000001,1.4210854715202004e-14,1.4210854715202004e-14,False,False,6.069722106447029,True,False,0.26413986013986,False,False,6.901874508100506,True
37,A7,50mg 1wt%Co/SiO2- 50mg HAP-乙醇浓度0.3ml/min,275.0,29.044956254083,0.31,6.56,3.27,84.43,0.0,5.43,I,50.0,1.0,50.0,0.0,True,100.0,100.0,1.0,0.5,0.3,1.9053491302678447,100.0,0.0,0.0,False,False,4.666972386031201,True,False,-0.037940625000000325,False,False,4.2257035185812235,True
38,A7,50mg 1wt%Co/SiO2- 50mg HAP-乙醇浓度0.3ml/min,300.0,39.9843661922415,0.57,8.84,3.98,79.99,0.0,6.62,I,50.0,1.0,50.0,0.0,True,100.0,100.0,1.0,0.5,0.3,3.534617971394149,100.0,0.0,0.0,False,False,3.306637892217946,False,False,-0.31509489051094874,False,False,2.4750577432535916,False
39,A7,50mg 1wt%Co/SiO2- 50mg HAP-乙醇浓度0.3ml/min,350.0,58.6049967786163,2.28,18.64,8.23,45.04,3.24,22.57,I,50.0,1.0,50.0,0.0,True,100.0,100.0,1.0,0.5,0.3,10.923971399534077,100.0,0.0,0.0,False,False,1.8262462600587008,False,False,-0.3596697312588401,False,False,1.5441942142789502,False
40,A7,50mg 1wt%Co/SiO2- 50mg HAP-乙醇浓度0.3ml/min,400.0,76.0274161977392,8.31,33.25,5.79,24.57,6.76,21.32,I,50.0,1.0,50.0,0.0,True,100.0,100.0,1.0,0.5,0.3,25.279115885748283,100.0,0.0,0.0,False,False,1.6613940218479044,False,False,-0.35840156794425043,False,True,0.6745,False
41,A8,50mg 1wt%Co/SiO2- 50mg HAP-乙醇浓度0.9ml/min,250.0,6.26573693340327,0.14,5.63,1.59,86.5,0.0,6.14,I,50.0,1.0,50.0,0.0,True,100.0,100.0,1.0,0.5,0.9,0.3527609893506041,100.0,0.0,0.0,False,False,1.334297644900262,False,False,0.20753846153846134,False,False,1.6377789602313109,False
42,A8,50mg 1wt%Co/SiO2- 50mg HAP-乙醇浓度0.9ml/min,275.0,8.76156996024858,0.2,8.52,4.31,82.26,0.0,4.71,I,50.0,1.0,50.0,0.0,True,100.0,100.0,1.0,0.5,0.9,0.7464857606131791,100.0,0.0,0.0,False,False,0.6745,False,False,0.7883218749999998,False,False,1.1929343231175933,False
43,A8,50mg 1wt%Co/SiO2- 50mg HAP-乙醇浓度0.9ml/min,300.0,13.1790478809351,0.52,13.82,4.6,72.79,0.0,8.27,I,50.0,1.0,50.0,0.0,True,100.0,100.0,1.0,0.5,0.9,1.8213444171452309,100.0,0.0,0.0,False,False,0.33551624550647874,False,False,0.9108211678832119,False,False,0.9097059767836285,False
44,A8,50mg 1wt%Co/SiO2- 50mg HAP-乙醇浓度0.9ml/min,350.0,31.7206628928351,1.45,25.89,4.15,48.52,2.25,17.74,I,50.0,1.0,50.0,0.0,True,100.0,100.0,1.0,0.5,0.9,8.212479622955009,100.0,0.0,0.0,False,False,0.4061417066375616,False,False,0.33200282885431404,False,False,0.8356449261168372,False
45,A8,50mg 1wt%Co/SiO2- 50mg HAP-乙醇浓度0.9ml/min,400.0,56.1163898081809,6.4,41.42,4.32,24.15,0.0,23.71,I,50.0,1.0,50.0,0.0,True,100.0,100.0,1.0,0.5,0.9,23.243408658548528,100.0,0.0,0.0,False,False,0.5905708134634644,False,False,0.6016445993031362,False,True,0.49872894489222064,False
46,A9,50mg 1wt%Co/SiO2- 50mg HAP-乙醇浓度2.1ml/min,250.0,2.05316160924955,0.16,5.4,4.99,81.93,0.0,7.52,I,50.0,1.0,50.0,0.0,True,100.0,100.0,1.0,0.5,2.1,0.11087072689947572,100.0,0.0,0.0,False,False,-0.15543396092244294,False,False,0.09905244755244755,False,False,0.0,False
47,A9,50mg 1wt%Co/SiO2- 50mg HAP-乙醇浓度2.1ml/min,275.0,3.00257162012393,0.33,9.68,4.66,75.09,0.0,10.24,I,50.0,1.0,50.0,0.0,True,100.0,100.0,1.0,0.5,2.1,0.2906489328279964,100.0,0.0,0.0,False,False,-0.45907017960735247,False,False,1.277334375,False,False,0.0,False
48,A9,50mg 1wt%Co/SiO2- 50mg HAP-乙醇浓度2.1ml/min,300.0,4.72920063011057,0.53,16.1,5.08,61.02,1.57,15.7,I,50.0,1.0,50.0,0.0,True,100.0,100.0,1.0,0.5,2.1,0.7614013014478017,100.0,0.0,0.0,False,False,-0.6010711804201407,False,False,1.4720839416058398,False,False,-0.05872304285533781,False
49,A9,50mg 1wt%Co/SiO2- 50mg HAP-乙醇浓度2.1ml/min,350.0,13.3927447682896,2.84,31.04,3.75,39.29,2.09,20.99,I,50.0,1.0,50.0,0.0,True,100.0,100.0,1.0,0.5,2.1,4.157107976077091,99.99999999999999,-1.4210854715202004e-14,1.4210854715202004e-14,False,False,-0.5619894025048733,False,False,0.8233288543140027,False,False,-0.22407825595137684,False
50,A9,50mg 1wt%Co/SiO2- 50mg HAP-乙醇浓度2.1ml/min,400.0,40.7971628999023,6.36,42.04,4.71,27.07,0.0,19.82,I,50.0,1.0,50.0,0.0,True,100.0,100.0,1.0,0.5,2.1,17.151127283118925,100.0,0.0,0.0,False,False,-0.2333035256562299,False,False,0.6745,False,False,-0.02730284939764526,False
51,A10,50mg 5wt%Co/SiO2-  50mg HAP-乙醇浓度2.1ml/min,250.0,0.319963965933778,1.06,2.19,12.49,83.06,0.0,1.2,I,50.0,5.0,50.0,0.0,True,100.0,100.0,1.0,0.5,2.1,0.007007210853949738,100.0,0.0,0.0,False,False,-0.7683605223967214,False,False,-1.4150349650349656,False,False,-0.7032341012461292,False
52,A10,50mg 5wt%Co/SiO2-  50mg HAP-乙醇浓度2.1ml/min,275.0,1.01545342802349,0.58,1.65,4.67,92.77,0.0,0.33,I,50.0,5.0,50.0,0.0,True,100.0,100.0,1.0,0.5,2.1,0.016754981562387583,100.0,0.0,0.0,False,False,-0.8502038096044708,False,False,-2.1078125000000005,False,False,-0.7167860853775075,False
53,A10,50mg 5wt%Co/SiO2-  50mg HAP-乙醇浓度2.1ml/min,300.0,1.68467573268495,0.8,2.17,5.8,90.32,0.0,0.91,I,50.0,5.0,50.0,0.0,True,100.0,100.0,1.0,0.5,2.1,0.03655746339926341,99.99999999999999,-1.4210854715202004e-14,1.4210854715202004e-14,False,False,-0.9385286103838744,False,False,-1.9570346715328464,False,False,-0.7209848162249503,False
54,A10,50mg 5wt%Co/SiO2-  50mg HAP-乙醇浓度2.1ml/min,350.0,9.01884092947588,0.81,3.3,4.3,88.98,0.7,1.91,I,50.0,5.0,50.0,0.0,True,100.0,100.0,1.0,0.5,2.1,0.297621750672704,100.0,0.0,0.0,False,False,-0.7930310486961035,False,False,-1.8231534653465344,False,False,-1.2326139414742336,False
55,A10,50mg 5wt%Co/SiO2-  50mg HAP-乙醇浓度2.1ml/min,400.0,28.5943907570513,1.93,10.29,3.68,79.2,0.0,4.9,I,50.0,5.0,50.0,0.0,True,100.0,100.0,1.0,0.5,2.1,2.9423628089005787,100.0,0.0,0.0,False,False,-0.889573642602313,False,False,-3.0564015679442496,False,False,-1.2541440621425382,False
56,A11,50mg 1wt%Co/SiO2+  90mg石英砂-乙醇浓度1.68ml/min，无HAP,250.0,0.227691554459886,2.14,0.1,97.76,0.0,0.0,0.0,I,50.0,1.0,0.0,90.0,False,50.0,140.0,,0.0,1.68,0.00022769155445988602,100.0,0.0,0.0,False,False,-0.8009916606294244,False,False,-2.400842657342658,False,False,-0.7491365445965719,False
57,A11,50mg 1wt%Co/SiO2+  90mg石英砂-乙醇浓度1.68ml/min，无HAP,275.0,0.516312042222788,2.83,1.0,94.75,0.0,0.0,1.42,I,50.0,1.0,0.0,90.0,False,50.0,140.0,,0.0,1.68,0.0051631204222278805,100.0,0.0,0.0,False,False,-0.9484521085159995,False,False,-2.3818281250000006,False,False,-0.7471222236182429,False
58,A11,50mg 1wt%Co/SiO2+  90mg石英砂-乙醇浓度1.68ml/min，无HAP,300.0,1.60755277655185,3.24,1.82,93.76,0.0,0.0,1.18,I,50.0,1.0,0.0,90.0,False,50.0,140.0,,0.0,1.68,0.029257460533243674,100.00000000000001,1.4210854715202004e-14,1.4210854715202004e-14,False,False,-0.9470769768596711,False,False,-2.0431934306569337,False,False,-0.7276545464342449,False
59,A11,50mg 1wt%Co/SiO2+  90mg石英砂-乙醇浓度1.68ml/min，无HAP,350.0,8.20758112698906,7.61,4.35,85.83,0.0,0.0,2.21,I,50.0,1.0,0.0,90.0,False,50.0,140.0,,0.0,1.68,0.3570297790240241,99.99999999999999,-1.4210854715202004e-14,1.4210854715202004e-14,False,False,-0.8358840256161821,False,False,-1.722980198019802,False,False,-1.2170898242473138,False
60,A11,50mg 1wt%Co/SiO2+  90mg石英砂-乙醇浓度1.68ml/min，无HAP,400.0,32.5934981167189,13.35,7.93,75.03,0.0,0.0,3.69,I,50.0,1.0,0.0,90.0,False,50.0,140.0,,0.0,1.68,2.5846644006558086,100.0,0.0,0.0,False,False,-0.6745,False,False,-3.3337221254355387,False,False,-1.285029164768048,False
61,A12,50mg 1wt%Co/SiO2- 50mg HAP-乙醇浓度1.68ml/min,250.0,1.44170934251802,0.14,6.17,3.48,81.43,7.45,1.33,I,50.0,1.0,50.0,0.0,True,100.0,100.0,1.0,0.5,1.68,0.08895346643336184,100.0,0.0,0.0,False,False,-0.3716674278895622,False,False,0.4622447552447551,False,False,-0.14839633350087075,False
62,A12,50mg 1wt%Co/SiO2- 50mg HAP-乙醇浓度1.68ml/min,275.0,3.47363039678394,0.18,8.11,4.2,80.0,5.3,2.21,I,50.0,1.0,50.0,0.0,True,100.0,100.0,1.0,0.5,1.68,0.2817114251791775,99.99999999999999,-1.4210854715202004e-14,1.4210854715202004e-14,False,False,-0.3663495100520719,False,False,0.6154812499999998,False,False,-0.023389640738783368,False
63,A12,50mg 1wt%Co/SiO2- 50mg HAP-乙醇浓度1.68ml/min,300.0,6.914387607182,0.43,11.22,8.83,71.28,5.34,2.9,I,50.0,1.0,50.0,0.0,True,100.0,100.0,1.0,0.5,1.68,0.7757942895258205,100.00000000000001,1.4210854715202004e-14,1.4210854715202004e-14,False,False,-0.3588634120106,False,False,0.2707846715328471,False,False,-0.04557272645850016,False
64,A12,50mg 1wt%Co/SiO2- 50mg HAP-乙醇浓度1.68ml/min,350.0,19.9122976584978,1.17,22.26,13.48,46.5,5.66,10.93,I,50.0,1.0,50.0,0.0,True,100.0,100.0,1.0,0.5,1.68,4.4324774587816105,100.0,0.0,0.0,False,False,-0.21760866445164975,False,False,-0.014310466760961675,False,False,-0.15212050463633536,False
65,A12,50mg 1wt%Co/SiO2- 50mg HAP-乙醇浓度1.68ml/min,400.0,44.534966735128,3.63,36.3,16.25,25.79,5.32,12.71,I,50.0,1.0,50.0,0.0,True,100.0,100.0,1.0,0.5,1.68,16.166192924851465,100.0,0.0,0.0,False,False,-0.032282894331716584,False,False,0.0,False,False,-0.11234599757309117,False
66,A13,67mg 1wt%Co/SiO2- 33mg HAP-乙醇浓度1.68ml/min,250.0,1.34694843685351,0.31,5.19,5.39,79.6,6.87,2.64,I,67.0,1.0,33.0,0.0,True,100.0,100.0,2.0303030303030303,0.33,1.68,0.06990662387269718,100.0,0.0,0.0,False,False,-0.4051785951214892,False,False,0.0,False,False,-0.27735777944166135,False
67,A13,67mg 1wt%Co/SiO2- 33mg HAP-乙醇浓度1.68ml/min,275.0,2.30545598480325,0.66,7.62,7.67,74.74,5.91,3.4,I,67.0,1.0,33.0,0.0,True,100.0,100.0,2.0303030303030303,0.33,1.68,0.17567574604200764,100.0,0.0,0.0,False,False,-0.5962866622779228,False,False,0.408915625,False,False,-0.3008871868067929,False
68,A13,67mg 1wt%Co/SiO2- 33mg HAP-乙醇浓度1.68ml/min,300.0,4.06672930913986,1.2,12.74,19.65,55.4,4.87,6.14,I,67.0,1.0,33.0,0.0,True,100.0,100.0,2.0303030303030303,0.33,1.68,0.5181013139844182,100.0,0.0,0.0,False,False,-0.6745,False,False,0.6449598540145988,False,False,-0.28101682904810266,False
69,A13,67mg 1wt%Co/SiO2- 33mg HAP-乙醇浓度1.68ml/min,350.0,14.6387758329042,2.53,23.46,26.42,30.99,3.52,13.08,I,67.0,1.0,33.0,0.0,True,100.0,100.0,2.0303030303030303,0.33,1.68,3.4342568103993254,100.0,0.0,0.0,False,False,-0.4961706101895744,False,False,0.10017326732673273,False,False,-0.41296899252381697,False
70,A13,67mg 1wt%Co/SiO2- 33mg HAP-乙醇浓度1.68ml/min,400.0,40.047154305474,5.19,27.91,24.73,22.05,3.85,16.27,I,67.0,1.0,33.0,0.0,True,100.0,100.0,2.0303030303030303,0.33,1.68,11.177160766657794,99.99999999999999,-1.4210854715202004e-14,1.4210854715202004e-14,False,False,-0.2736392970870178,False,False,-0.9858980836236927,False,False,-0.5431188683943108,False
71,A14,33mg 1wt%Co/SiO2- 67mg HAP-乙醇浓度1.68ml/min,250.0,2.49268861247491,0.14,1.89,2.63,90.74,3.18,1.42,I,33.0,1.0,67.0,0.0,True,100.0,100.0,0.4925373134328358,0.67,1.68,0.0471118147757758,100.0,0.0,0.0,False,False,0.0,False,False,-1.556538461538462,False,False,-0.43169577702422157,False
72,A14,33mg 1wt%Co/SiO2- 67mg HAP-乙醇浓度1.68ml/min,275.0,5.33483516226759,0.14,2.55,2.8,89.7,2.85,1.96,I,33.0,1.0,67.0,0.0,True,100.0,100.0,0.4925373134328358,0.67,1.68,0.13603829663782352,99.99999999999999,-1.4210854715202004e-14,1.4210854715202004e-14,False,False,0.0,False,False,-1.7284062500000006,False,False,-0.40461920447819455,False
73,A14,33mg 1wt%Co/SiO2- 67mg HAP-乙醇浓度1.68ml/min,300.0,10.1520362574393,0.25,3.61,4.07,85.12,3.43,3.52,I,33.0,1.0,67.0,0.0,True,100.0,100.0,0.4925373134328358,0.67,1.68,0.3664885088935588,100.00000000000001,1.4210854715202004e-14,1.4210854715202004e-14,False,False,0.0,False,False,-1.602552919708029,False,False,-0.41953958373597555,False
74,A14,33mg 1wt%Co/SiO2- 67mg HAP-乙醇浓度1.68ml/min,350.0,24.0318985551102,1.04,10.83,6.25,70.1,4.59,7.19,I,33.0,1.0,67.0,0.0,True,100.0,100.0,0.4925373134328358,0.67,1.68,2.6026546135184345,100.0,0.0,0.0,False,False,0.0,False,False,-1.1047680339462518,False,False,-0.6302778369479751,False
75,A14,33mg 1wt%Co/SiO2- 67mg HAP-乙醇浓度1.68ml/min,400.0,53.6152568624797,2.92,22.3,7.22,49.31,7.48,10.77,I,33.0,1.0,67.0,0.0,True,100.0,100.0,0.4925373134328358,0.67,1.68,11.956202280332972,100.0,0.0,0.0,False,False,0.45605885244691335,False,False,-1.6451219512195112,False,False,-0.4758533269638726,False
76,B1,50mg 1wt%Co/SiO2- 50mg HAP-乙醇浓度1.68ml/min,250.0,1.40818182615844,0.1,6.32,5.7,83.4,0.0,4.48,II,50.0,1.0,50.0,0.0,True,100.0,100.0,1.0,0.5,1.68,0.08899709141321342,100.00000000000001,1.4210854715202004e-14,1.4210854715202004e-14,False,False,-0.38352407066559097,False,False,0.5329965034965035,False,False,-0.14810095958454425,False
77,B1,50mg 1wt%Co/SiO2- 50mg HAP-乙醇浓度1.68ml/min,275.0,3.41791391326378,0.19,8.25,4.03,81.35,0.0,6.18,II,50.0,1.0,50.0,0.0,True,100.0,100.0,1.0,0.5,1.68,0.28197789784426186,100.0,0.0,0.0,False,False,-0.37731644223383576,False,False,0.6745,False,False,-0.022692276311481033,False
78,B1,50mg 1wt%Co/SiO2- 50mg HAP-乙醇浓度1.68ml/min,300.0,6.72372576152924,0.45,12.28,4.11,73.45,0.0,9.71,II,50.0,1.0,50.0,0.0,True,100.0,100.0,1.0,0.5,1.68,0.8256735235157906,100.0,0.0,0.0,False,False,-0.37999651441371296,False,False,0.5317226277372262,False,False,0.0,False
79,B1,50mg 1wt%Co/SiO2- 50mg HAP-乙醇浓度1.68ml/min,350.0,19.3092626251229,1.22,25.97,4.4,48.32,2.44,17.65,II,50.0,1.0,50.0,0.0,True,100.0,100.0,1.0,0.5,1.68,5.014615503744418,100.0,0.0,0.0,False,False,-0.24946263563079385,False,False,0.3396350777934935,False,False,0.0,False
80,B1,50mg 1wt%Co/SiO2- 50mg HAP-乙醇浓度1.68ml/min,400.0,43.595444389466,3.77,41.08,4.13,26.79,1.95,22.28,II,50.0,1.0,50.0,0.0,True,100.0,100.0,1.0,0.5,1.68,17.909008555192635,100.00000000000001,1.4210854715202004e-14,1.4210854715202004e-14,False,False,-0.08281079343882909,False,False,0.561691637630662,False,True,0.03813563264874698,False
81,B2,100mg 1wt%Co/SiO2- 100mg HAP-乙醇浓度1.68ml/min,250.0,2.76302415733759,0.2,3.26,2.78,89.53,0.0,4.23,II,100.0,1.0,100.0,0.0,True,200.0,200.0,1.0,0.5,1.68,0.09007458752920544,100.0,0.0,0.0,False,False,0.09560123543669613,False,False,-0.9103391608391613,False,False,-0.1408055006825588,False
82,B2,100mg 1wt%Co/SiO2- 100mg HAP-乙醇浓度1.68ml/min,275.0,4.40266107173201,0.32,4.97,3.92,83.2,0.0,7.59,II,100.0,1.0,100.0,0.0,True,200.0,200.0,1.0,0.5,1.68,0.21881225526508088,100.0,0.0,0.0,False,False,-0.1834841215131981,False,False,-0.7082250000000004,False,False,-0.18799805785748994,False
83,B2,100mg 1wt%Co/SiO2- 100mg HAP-乙醇浓度1.68ml/min,300.0,6.22356275018717,0.72,9.32,5.21,71.37,3.09,10.29,II,100.0,1.0,100.0,0.0,True,200.0,200.0,1.0,0.5,1.68,0.5800360483174444,100.0,0.0,0.0,False,False,-0.4354349588531512,False,False,-0.1969343065693428,False,False,-0.2244294583076769,False
84,B2,100mg 1wt%Co/SiO2- 100mg HAP-乙醇浓度1.68ml/min,350.0,16.1870321046694,2.11,22.88,6.07,47.39,4.74,16.81,II,100.0,1.0,100.0,0.0,True,200.0,200.0,1.0,0.5,1.68,3.7035929455483587,100.0,0.0,0.0,False,False,-0.41438745012551,False,False,0.04483946251768023,False,False,-0.3425878361122156,False
85,B2,100mg 1wt%Co/SiO2- 100mg HAP-乙醇浓度1.68ml/min,400.0,45.1352390825493,8.1,38.7,7.12,24.22,4.34,17.52,II,100.0,1.0,100.0,0.0,True,200.0,200.0,1.0,0.5,1.68,17.46733752494658,100.0,0.0,0.0,False,False,0.0,False,False,0.2820209059233455,False,True,0.0,False
86,B3,10mg 1wt%Co/SiO2- 10mg HAP-乙醇浓度1.68ml/min,250.0,0.394774301814516,0.31,2.85,18.98,76.81,0.0,1.05,II,10.0,1.0,10.0,0.0,True,20.0,20.0,1.0,0.5,1.68,0.011251067601713707,100.0,0.0,0.0,False,False,-0.7419046579366272,False,False,-1.1037272727272731,False,False,-0.6744999999999999,False
87,B3,10mg 1wt%Co/SiO2- 10mg HAP-乙醇浓度1.68ml/min,275.0,0.615197832146397,0.42,5.35,19.79,73.56,0.0,0.88,II,10.0,1.0,10.0,0.0,True,20.0,20.0,1.0,0.5,1.68,0.03291308401983224,100.0,0.0,0.0,False,False,-0.9289879628392541,False,False,-0.5480312500000004,False,False,-0.6745,False
88,B3,10mg 1wt%Co/SiO2- 10mg HAP-乙醇浓度1.68ml/min,300.0,1.14894845380593,0.74,7.61,19.86,70.07,0.0,1.72,II,10.0,1.0,10.0,0.0,True,20.0,20.0,1.0,0.5,1.68,0.08743497733463128,100.0,0.0,0.0,False,False,-0.9979090249913706,False,False,-0.6178813868613136,False,False,-0.6745,False
89,B3,10mg 1wt%Co/SiO2- 10mg HAP-乙醇浓度1.68ml/min,325.0,3.28521284393757,1.16,7.74,16.61,67.57,3.77,3.15,II,10.0,1.0,10.0,0.0,True,20.0,20.0,1.0,0.5,1.68,0.25427547412076795,99.99999999999999,-1.4210854715202004e-14,1.4210854715202004e-14,False,False,-0.9352156406589512,False,False,-0.8858340234644582,False,False,-0.7006374711579993,False
90,B3,10mg 1wt%Co/SiO2- 10mg HAP-乙醇浓度1.68ml/min,350.0,6.01029955582901,1.81,13.81,20.27,53.38,4.64,6.09,II,10.0,1.0,10.0,0.0,True,20.0,20.0,1.0,0.5,1.68,0.8300223686599864,100.00000000000001,1.4210854715202004e-14,1.4210854715202004e-14,False,False,-0.9519504893645387,False,False,-0.8204667609618105,False,False,-1.0934904957937566,False
91,B3,10mg 1wt%Co/SiO2- 10mg HAP-乙醇浓度1.68ml/min,400.0,21.1001303126785,3.79,21.21,19.72,39.51,4.88,10.89,II,10.0,1.0,10.0,0.0,True,20.0,20.0,1.0,0.5,1.68,4.47533763931911,99.99999999999999,-1.4210854715202004e-14,1.4210854715202004e-14,False,False,-1.2926180591232186,False,False,-1.7732064459930301,False,False,-1.1217809208243321,False
92,B4,25mg 1wt%Co/SiO2- 25mg HAP-乙醇浓度1.68ml/min,250.0,0.543983713140717,0.1,6.62,6.91,82.18,4.19,0.0,II,25.0,1.0,25.0,0.0,True,50.0,50.0,1.0,0.5,1.68,0.036011721809915465,100.0,0.0,0.0,False,False,-0.6891383668119702,False,False,0.6745,False,False,-0.5068517528451607,False
93,B4,25mg 1wt%Co/SiO2- 25mg HAP-乙醇浓度1.68ml/min,275.0,1.11315662843161,0.32,6.62,2.93,83.06,1.93,5.14,II,25.0,1.0,25.0,0.0,True,50.0,50.0,1.0,0.5,1.68,0.07369096880217257,100.00000000000001,1.4210854715202004e-14,1.4210854715202004e-14,False,False,-0.8309724384711968,False,False,-0.012646875000000106,False,False,-0.5677834395646659,False
94,B4,25mg 1wt%Co/SiO2- 25mg HAP-乙醇浓度1.68ml/min,300.0,3.01498497672866,0.31,5.05,8.47,78.11,4.04,4.02,II,25.0,1.0,25.0,0.0,True,50.0,50.0,1.0,0.5,1.68,0.15225674132479733,100.0,0.0,0.0,False,False,-0.7910761330099543,False,False,-1.2480711678832115,False,False,-0.6152748619500589,False
95,B4,25mg 1wt%Co/SiO2- 25mg HAP-乙醇浓度1.68ml/min,325.0,6.05517768940117,0.69,8.33,12.29,70.48,3.89,4.32,II,25.0,1.0,25.0,0.0,True,50.0,50.0,1.0,0.5,1.68,0.5043963015271175,100.0,0.0,0.0,False,False,-0.7676041089530479,False,False,-0.8309057971014493,False,False,-0.6483625288420007,False
96,B4,25mg 1wt%Co/SiO2- 25mg HAP-乙醇浓度1.68ml/min,350.0,9.64336126696237,0.76,13.1,14.26,59.75,3.89,8.24,II,25.0,1.0,25.0,0.0,True,50.0,50.0,1.0,0.5,1.68,1.2632803259720702,100.0,0.0,0.0,False,False,-0.7600421645847613,False,False,-0.8882029702970298,False,False,-0.980274361451888,False
97,B4,25mg 1wt%Co/SiO2- 25mg HAP-乙醇浓度1.68ml/min,400.0,33.4895955281135,2.68,21.45,15.15,43.12,5.21,12.39,II,25.0,1.0,25.0,0.0,True,50.0,50.0,1.0,0.5,1.68,7.183518240780345,100.0,0.0,0.0,False,False,-0.6263075117615349,False,False,-1.745004355400696,False,False,-0.8879458411129646,False
98,B5,50mg 1wt%Co/SiO2- 50mg HAP-乙醇浓度2.1ml/min,250.0,2.12124689485722,0.18,4.3,3.98,84.81,4.76,1.97,II,50.0,1.0,50.0,0.0,True,100.0,100.0,1.0,0.5,2.1,0.09121361647886045,100.0,0.0,0.0,False,False,-0.13135633760265386,False,False,-0.41979370629370666,False,False,-0.1330934182285731,False
99,B5,50mg 1wt%Co/SiO2- 50mg HAP-乙醇浓度2.1ml/min,275.0,3.83357052176252,0.35,5.06,7.67,78.13,4.22,4.57,II,50.0,1.0,50.0,0.0,True,100.0,100.0,1.0,0.5,2.1,0.19397866840118347,100.0,0.0,0.0,False,False,-0.29550083671992605,False,False,-0.6702843750000004,False,False,-0.2529880637769467,False
100,B5,50mg 1wt%Co/SiO2- 50mg HAP-乙醇浓度2.1ml/min,300.0,5.81212036583176,0.47,7.92,14.04,66.89,4.41,6.27,II,50.0,1.0,50.0,0.0,True,100.0,100.0,1.0,0.5,2.1,0.46031993297387536,99.99999999999999,-1.4210854715202004e-14,1.4210854715202004e-14,False,False,-0.48103954225469636,False,False,-0.5415693430656933,False,False,-0.3338094415352421,False
101,B5,50mg 1wt%Co/SiO2- 50mg HAP-乙醇浓度2.1ml/min,325.0,9.7842849683418,0.77,11.69,14.62,59.29,5.28,8.35,II,50.0,1.0,50.0,0.0,True,100.0,100.0,1.0,0.5,2.1,1.1437829127991563,100.0,0.0,0.0,False,False,-0.5419545365613591,False,False,-0.5180942028985507,False,False,-0.5147315211068201,False
102,B5,50mg 1wt%Co/SiO2- 50mg HAP-乙醇浓度2.1ml/min,350.0,15.8632612859104,1.57,15.34,15.03,53.41,4.14,10.51,II,50.0,1.0,50.0,0.0,True,100.0,100.0,1.0,0.5,2.1,2.4334242812586555,100.0,0.0,0.0,False,False,-0.4314899164145378,False,False,-0.6745,False,False,-0.6745,False
103,B5,50mg 1wt%Co/SiO2- 50mg HAP-乙醇浓度2.1ml/min,400.0,44.9818815507988,3.93,25.83,13.82,36.87,6.16,13.39,II,50.0,1.0,50.0,0.0,True,100.0,100.0,1.0,0.5,2.1,11.61882000457133,99.99999999999999,-1.4210854715202004e-14,1.4210854715202004e-14,False,False,-0.008247631285602732,False,False,-1.2303162020905918,False,False,-0.504984253942435,False
104,B6,75mg 1wt%Co/SiO2- 75mg HAP-乙醇浓度1.68ml/min,250.0,2.7681694785164,0.23,4.5,1.97,85.16,4.87,3.27,II,75.0,1.0,75.0,0.0,True,150.0,150.0,1.0,0.5,1.68,0.124567626533238,100.0,0.0,0.0,False,False,0.09742082250454802,False,False,-0.3254580419580422,False,False,0.09273830956757953,False
105,B6,75mg 1wt%Co/SiO2- 75mg HAP-乙醇浓度1.68ml/min,275.0,7.51025282890253,0.15,4.79,2.16,86.83,3.82,2.25,II,75.0,1.0,75.0,0.0,True,150.0,150.0,1.0,0.5,1.68,0.3597411105044312,99.99999999999999,-1.4210854715202004e-14,1.4210854715202004e-14,False,False,0.42819748321632645,False,False,-0.7841062500000003,False,False,0.1808156453914262,False
106,B6,75mg 1wt%Co/SiO2- 75mg HAP-乙醇浓度1.68ml/min,300.0,12.6192375239931,0.5,8.77,4.81,74.9,5.05,5.97,II,75.0,1.0,75.0,0.0,True,150.0,150.0,1.0,0.5,1.68,1.1067071308541947,100.0,0.0,0.0,False,False,0.2734664444092805,False,False,-0.3323266423357663,False,False,0.25676953490212007,False
107,B6,75mg 1wt%Co/SiO2- 75mg HAP-乙醇浓度1.68ml/min,325.0,15.8589641330784,1.04,16.06,7.44,57.98,6.75,10.73,II,75.0,1.0,75.0,0.0,True,150.0,150.0,1.0,0.5,1.68,2.546949639772391,100.0,0.0,0.0,False,False,-0.17437359736968203,False,False,-0.11125293305728093,False,False,-0.2214714176885295,False
108,B6,75mg 1wt%Co/SiO2- 75mg HAP-乙醇浓度1.68ml/min,350.0,27.0309632091066,0.99,22.41,9.95,48.26,4.44,13.95,II,75.0,1.0,75.0,0.0,True,150.0,150.0,1.0,0.5,1.68,6.057638855160788,99.99999999999999,-1.4210854715202004e-14,1.4210854715202004e-14,False,False,0.1584188542382747,False,False,0.0,False,False,0.27255603707377885,False
109,B6,75mg 1wt%Co/SiO2- 75mg HAP-乙醇浓度1.68ml/min,400.0,63.2452382390403,4.11,30.48,11.12,34.9,4.71,14.68,II,75.0,1.0,75.0,0.0,True,150.0,150.0,1.0,0.5,1.68,19.27714861525948,100.0,0.0,0.0,False,False,0.9739632212412227,False,False,-0.6839006968641109,False,True,0.15626628458142444,False
110,B7,100mg 1wt%Co/SiO2- 100mg HAP-乙醇浓度0.9ml/min,250.0,4.4,0.13,4.08,2.04,86.01,4.79,2.95,II,100.0,1.0,100.0,0.0,True,200.0,200.0,1.0,0.5,0.9,0.17952,100.00000000000001,1.4210854715202004e-14,1.4210854715202004e-14,False,False,0.6745,False,False,-0.5235629370629373,False,False,0.4648071980240538,False
111,B7,100mg 1wt%Co/SiO2- 100mg HAP-乙醇浓度0.9ml/min,275.0,7.9,0.15,6.62,3.49,79.79,5.67,4.28,II,100.0,1.0,100.0,0.0,True,200.0,200.0,1.0,0.5,0.9,0.52298,100.00000000000001,1.4210854715202004e-14,1.4210854715202004e-14,False,False,0.5049132147810024,False,False,-0.012646875000000106,False,False,0.6080151656518511,False
112,B7,100mg 1wt%Co/SiO2- 100mg HAP-乙醇浓度0.9ml/min,300.0,11.7,0.2,12.86,6.47,68.02,6.71,5.74,II,100.0,1.0,100.0,0.0,True,200.0,200.0,1.0,0.5,0.9,1.5046199999999998,99.99999999999999,-1.4210854715202004e-14,1.4210854715202004e-14,False,False,0.1715774657265183,False,False,0.6745,False,False,0.6203271297028983,False
113,B7,100mg 1wt%Co/SiO2- 100mg HAP-乙醇浓度0.9ml/min,325.0,17.8,1.42,18.45,7.94,59.12,7.14,5.93,II,100.0,1.0,100.0,0.0,True,200.0,200.0,1.0,0.5,0.9,3.2841000000000005,100.0,0.0,0.0,False,False,-0.0569208451141298,False,False,0.11125293305728093,False,False,-0.06740790782930353,False
114,B7,100mg 1wt%Co/SiO2- 100mg HAP-乙醇浓度0.9ml/min,350.0,30.2,1.53,25.05,10.3,49.36,6.3,7.46,II,100.0,1.0,100.0,0.0,True,200.0,200.0,1.0,0.5,0.9,7.5651,100.0,0.0,0.0,False,False,0.32581610483881945,False,False,0.2518642149929279,False,False,0.6664759192337907,False
115,B7,100mg 1wt%Co/SiO2- 100mg HAP-乙醇浓度0.9ml/min,400.0,69.4,2.51,38.17,13.96,26.64,4.71,14.01,II,100.0,1.0,100.0,0.0,True,200.0,200.0,1.0,0.5,0.9,26.489980000000006,100.0,0.0,0.0,False,False,1.3049688463037759,False,False,0.21974128919860672,False,True,0.7790508215083267,False
