catalyst_left,method_left,catalyst_right,method_right,temperature_c,conversion_difference_left_minus_right_pct_point,c4_selectivity_difference_left_minus_right_pct_point,yield_difference_left_minus_right_pct_point
A12,I,B1,II,250.0,0.03352751635958007,-0.15000000000000036,-4.362497985158087e-05
A12,I,B1,II,275.0,0.05571648352015979,-0.14000000000000057,-0.00026647266508433853
A12,I,B1,II,300.0,0.19066184565276068,-1.0599999999999987,-0.04987923398997007
A12,I,B1,II,350.0,0.6030350333748977,-3.7099999999999973,-0.5821380449628073
A12,I,B1,II,400.0,0.9395223456619988,-4.780000000000001,-1.7428156303411697
A9,I,B5,II,250.0,-0.06808528560766991,1.1000000000000005,0.01965711042061527
A9,I,B5,II,275.0,-0.8309989016385897,4.62,0.09667026442681295
A9,I,B5,II,300.0,-1.0829197357211902,8.180000000000001,0.30108136847392636
A9,I,B5,II,350.0,-2.4705165176208013,15.7,1.7236836948184355
A9,I,B5,II,400.0,-4.184718650896507,16.21,5.532307278547595
