dataset,column,row_count,missing_count,missing_rate
附件1清洁表,source_excel_row,114,0,0.0
附件1清洁表,catalyst_id,114,0,0.0
附件1清洁表,catalyst_description,114,0,0.0
附件1清洁表,temperature_c,114,0,0.0
附件1清洁表,ethanol_conversion_pct,114,0,0.0
附件1清洁表,ethylene_selectivity_pct,114,0,0.0
附件1清洁表,c4_selectivity_pct,114,0,0.0
附件1清洁表,acetaldehyde_selectivity_pct,114,0,0.0
附件1清洁表,c4_12_alcohol_selectivity_pct,114,0,0.0
附件1清洁表,methylbenzaldehyde_methylbenzyl_alcohol_selectivity_pct,114,0,0.0
附件1清洁表,other_selectivity_pct,114,0,0.0
附件1清洁表,loading_method,114,0,0.0
附件1清洁表,cosio2_mass_mg,114,0,0.0
附件1清洁表,co_loading_wt_pct,114,0,0.0
附件1清洁表,hap_mass_mg,114,0,0.0
附件1清洁表,quartz_mass_mg,114,0,0.0
附件1清洁表,has_hap,114,0,0.0
附件1清洁表,active_catalyst_mass_mg,114,0,0.0
附件1清洁表,total_packed_mass_mg,114,0,0.0
附件1清洁表,cosio2_to_hap_ratio,114,5,0.043859649122807015
附件1清洁表,hap_mass_fraction,114,0,0.0
附件1清洁表,ethanol_condition_ml_min,114,0,0.0
附件1清洁表,c4_yield_pct,114,0,0.0
附件1清洁表,selectivity_sum_pct,114,0,0.0
附件1清洁表,selectivity_closure_error_pct_point,114,0,0.0
附件1清洁表,selectivity_closure_abs_error_pct_point,114,0,0.0
附件1清洁表,duplicate_catalyst_temperature,114,0,0.0
附件1清洁表,ethanol_conversion_pct_global_iqr_flag,114,0,0.0
附件1清洁表,ethanol_conversion_pct_within_temperature_robust_z,114,0,0.0
附件1清洁表,ethanol_conversion_pct_within_temperature_flag,114,0,0.0
附件1清洁表,c4_selectivity_pct_global_iqr_flag,114,0,0.0
附件1清洁表,c4_selectivity_pct_within_temperature_robust_z,114,0,0.0
附件1清洁表,c4_selectivity_pct_within_temperature_flag,114,0,0.0
附件1清洁表,c4_yield_pct_global_iqr_flag,114,0,0.0
附件1清洁表,c4_yield_pct_within_temperature_robust_z,114,0,0.0
附件1清洁表,c4_yield_pct_within_temperature_flag,114,0,0.0
催化剂组合表,catalyst_id,21,0,0.0
催化剂组合表,catalyst_description,21,0,0.0
催化剂组合表,loading_method,21,0,0.0
催化剂组合表,cosio2_mass_mg,21,0,0.0
催化剂组合表,co_loading_wt_pct,21,0,0.0
催化剂组合表,hap_mass_mg,21,0,0.0
催化剂组合表,quartz_mass_mg,21,0,0.0
催化剂组合表,has_hap,21,0,0.0
催化剂组合表,active_catalyst_mass_mg,21,0,0.0
催化剂组合表,total_packed_mass_mg,21,0,0.0
催化剂组合表,cosio2_to_hap_ratio,21,1,0.047619047619047616
催化剂组合表,hap_mass_fraction,21,0,0.0
催化剂组合表,ethanol_condition_ml_min,21,0,0.0
附件2清洁表,source_excel_row,7,0,0.0
附件2清洁表,time_min,7,0,0.0
附件2清洁表,temperature_c,7,0,0.0
附件2清洁表,catalyst_identity,7,0,0.0
附件2清洁表,ethanol_conversion_pct,7,0,0.0
附件2清洁表,ethylene_selectivity_pct,7,0,0.0
附件2清洁表,c4_selectivity_pct,7,0,0.0
附件2清洁表,acetaldehyde_selectivity_pct,7,0,0.0
附件2清洁表,c4_12_alcohol_selectivity_pct,7,0,0.0
附件2清洁表,methylbenzaldehyde_methylbenzyl_alcohol_selectivity_pct,7,0,0.0
附件2清洁表,other_selectivity_pct,7,0,0.0
附件2清洁表,c4_yield_pct,7,0,0.0
附件2清洁表,selectivity_sum_pct,7,0,0.0
附件2清洁表,selectivity_closure_error_pct_point,7,0,0.0
附件2清洁表,selectivity_closure_abs_error_pct_point,7,0,0.0
附件2清洁表,time_gap_min,7,1,0.14285714285714285
附件2清洁表,ethanol_conversion_pct_change_from_first_pct_point,7,0,0.0
附件2清洁表,c4_selectivity_pct_change_from_first_pct_point,7,0,0.0
附件2清洁表,c4_yield_pct_change_from_first_pct_point,7,0,0.0
