source_excel_row,catalyst_id,temperature_c,ethanol_conversion_pct,c4_selectivity_pct,c4_yield_pct,temperature_level,temperature_order
2,A1,250.0,2.06716944958221,34.05,0.7038711975827424,250,1
3,A1,275.0,5.8517209865374,37.43,2.1902991652609485,275,2
4,A1,300.0,14.9688914921879,46.94,7.026397666433001,300,3
5,A1,325.0,19.6813590966625,49.7,9.781635471041263,325,4
6,A1,350.0,36.801016971268,47.21,17.37376011213562,350,5
7,A2,250.0,4.60299723489029,18.07,0.8317616003446753,250,1
8,A2,275.0,17.1955389078373,17.28,2.9713891232742857,275,2
9,A2,300.0,38.9222453049932,19.6,7.628760079778667,300,3
10,A2,325.0,56.3824602331247,30.62,17.264309323382783,325,4
11,A2,350.0,67.8792957456246,39.1,26.54080463653922,350,5
12,A3,250.0,9.6693729570379,5.5,0.5318155126370846,250,1
13,A3,275.0,19.2369353731673,8.04,1.5466496040026507,275,2
14,A3,300.0,29.2502335391358,17.01,4.975464725007,300,3
15,A3,325.0,37.5791851341654,28.72,10.792741970532301,325,4
16,A3,350.0,48.9370446484212,36.85,18.033300952943215,350,5
17,A3,400.0,83.7133815760754,53.43,44.72805977609709,400,6
18,A3,450.0,86.4097027402944,49.9,43.118441667406906,450,7
19,A4,250.0,4.0193913236899,9.62,0.3866654453389684,250,1
20,A4,275.0,12.0977578656973,8.62,1.0428267280231072,275,2
21,A4,300.0,29.4765641102885,10.72,3.1598876726229275,300,3
22,A4,325.0,43.3256219763485,18.89,8.184209991332231,325,4
23,A4,350.0,60.4684283526454,27.25,16.47764672609587,350,5
24,A4,400.0,88.4393444439815,41.02,36.27781909092121,400,6
25,A5,250.0,14.7871833611187,1.96,0.2898287938779265,250,1
26,A5,275.0,12.4240108083889,6.65,0.8261967187578618,275,2
27,A5,300.0,20.8085764699292,10.12,2.1058279387568346,300,3
28,A5,325.0,28.3488858758218,13.86,3.9291555823889013,325,4
29,A5,350.0,36.8115789475551,18.75,6.902171052666581,350,5
30,A5,400.0,76.0198321376534,38.23,29.062381826224893,400,6
31,A6,250.0,13.3893967283351,3.3,0.44185009203505826,250,1
32,A6,275.0,12.780990768999,7.1,0.907450344598929,275,2
33,A6,300.0,25.479216201846,7.18,1.829407723292543,300,3
34,A6,350.0,55.7550272411716,10.65,5.937910401184776,350,5
35,A6,400.0,83.3476161758825,37.33,31.113665118456932,400,6
36,A7,250.0,19.6562914186116,5.75,1.130236756570167,250,1
37,A7,275.0,29.044956254083,6.56,1.9053491302678447,275,2
38,A7,300.0,39.9843661922415,8.84,3.534617971394149,300,3
39,A7,350.0,58.6049967786163,18.64,10.923971399534077,350,5
40,A7,400.0,76.0274161977392,33.25,25.279115885748283,400,6
41,A8,250.0,6.26573693340327,5.63,0.3527609893506041,250,1
42,A8,275.0,8.76156996024858,8.52,0.7464857606131791,275,2
43,A8,300.0,13.1790478809351,13.82,1.8213444171452309,300,3
44,A8,350.0,31.7206628928351,25.89,8.212479622955009,350,5
45,A8,400.0,56.1163898081809,41.42,23.243408658548528,400,6
46,A9,250.0,2.05316160924955,5.4,0.11087072689947572,250,1
47,A9,275.0,3.00257162012393,9.68,0.2906489328279964,275,2
48,A9,300.0,4.72920063011057,16.1,0.7614013014478017,300,3
49,A9,350.0,13.3927447682896,31.04,4.157107976077091,350,5
50,A9,400.0,40.7971628999023,42.04,17.151127283118925,400,6
51,A10,250.0,0.319963965933778,2.19,0.007007210853949738,250,1
52,A10,275.0,1.01545342802349,1.65,0.016754981562387583,275,2
53,A10,300.0,1.68467573268495,2.17,0.03655746339926341,300,3
54,A10,350.0,9.01884092947588,3.3,0.297621750672704,350,5
55,A10,400.0,28.5943907570513,10.29,2.9423628089005787,400,6
56,A11,250.0,0.227691554459886,0.1,0.00022769155445988602,250,1
57,A11,275.0,0.516312042222788,1.0,0.0051631204222278805,275,2
58,A11,300.0,1.60755277655185,1.82,0.029257460533243674,300,3
59,A11,350.0,8.20758112698906,4.35,0.3570297790240241,350,5
60,A11,400.0,32.5934981167189,7.93,2.5846644006558086,400,6
61,A12,250.0,1.44170934251802,6.17,0.08895346643336184,250,1
62,A12,275.0,3.47363039678394,8.11,0.2817114251791775,275,2
63,A12,300.0,6.914387607182,11.22,0.7757942895258205,300,3
64,A12,350.0,19.9122976584978,22.26,4.4324774587816105,350,5
65,A12,400.0,44.534966735128,36.3,16.166192924851465,400,6
66,A13,250.0,1.34694843685351,5.19,0.06990662387269718,250,1
67,A13,275.0,2.30545598480325,7.62,0.17567574604200764,275,2
68,A13,300.0,4.06672930913986,12.74,0.5181013139844182,300,3
69,A13,350.0,14.6387758329042,23.46,3.4342568103993254,350,5
70,A13,400.0,40.047154305474,27.91,11.177160766657794,400,6
71,A14,250.0,2.49268861247491,1.89,0.0471118147757758,250,1
72,A14,275.0,5.33483516226759,2.55,0.13603829663782352,275,2
73,A14,300.0,10.1520362574393,3.61,0.3664885088935588,300,3
74,A14,350.0,24.0318985551102,10.83,2.6026546135184345,350,5
75,A14,400.0,53.6152568624797,22.3,11.956202280332972,400,6
76,B1,250.0,1.40818182615844,6.32,0.08899709141321342,250,1
77,B1,275.0,3.41791391326378,8.25,0.28197789784426186,275,2
78,B1,300.0,6.72372576152924,12.28,0.8256735235157906,300,3
79,B1,350.0,19.3092626251229,25.97,5.014615503744418,350,5
80,B1,400.0,43.595444389466,41.08,17.909008555192635,400,6
81,B2,250.0,2.76302415733759,3.26,0.09007458752920544,250,1
82,B2,275.0,4.40266107173201,4.97,0.21881225526508088,275,2
83,B2,300.0,6.22356275018717,9.32,0.5800360483174444,300,3
84,B2,350.0,16.1870321046694,22.88,3.7035929455483587,350,5
85,B2,400.0,45.1352390825493,38.7,17.46733752494658,400,6
86,B3,250.0,0.394774301814516,2.85,0.011251067601713707,250,1
87,B3,275.0,0.615197832146397,5.35,0.03291308401983224,275,2
88,B3,300.0,1.14894845380593,7.61,0.08743497733463128,300,3
89,B3,325.0,3.28521284393757,7.74,0.25427547412076795,325,4
90,B3,350.0,6.01029955582901,13.81,0.8300223686599864,350,5
91,B3,400.0,21.1001303126785,21.21,4.47533763931911,400,6
92,B4,250.0,0.543983713140717,6.62,0.036011721809915465,250,1
93,B4,275.0,1.11315662843161,6.62,0.07369096880217257,275,2
94,B4,300.0,3.01498497672866,5.05,0.15225674132479733,300,3
95,B4,325.0,6.05517768940117,8.33,0.5043963015271175,325,4
96,B4,350.0,9.64336126696237,13.1,1.2632803259720702,350,5
97,B4,400.0,33.4895955281135,21.45,7.183518240780345,400,6
98,B5,250.0,2.12124689485722,4.3,0.09121361647886045,250,1
99,B5,275.0,3.83357052176252,5.06,0.19397866840118347,275,2
100,B5,300.0,5.81212036583176,7.92,0.46031993297387536,300,3
101,B5,325.0,9.7842849683418,11.69,1.1437829127991563,325,4
102,B5,350.0,15.8632612859104,15.34,2.4334242812586555,350,5
103,B5,400.0,44.9818815507988,25.83,11.61882000457133,400,6
104,B6,250.0,2.7681694785164,4.5,0.124567626533238,250,1
105,B6,275.0,7.51025282890253,4.79,0.3597411105044312,275,2
106,B6,300.0,12.6192375239931,8.77,1.1067071308541947,300,3
107,B6,325.0,15.8589641330784,16.06,2.546949639772391,325,4
108,B6,350.0,27.0309632091066,22.41,6.057638855160788,350,5
109,B6,400.0,63.2452382390403,30.48,19.27714861525948,400,6
110,B7,250.0,4.4,4.08,0.17952,250,1
111,B7,275.0,7.9,6.62,0.52298,275,2
112,B7,300.0,11.7,12.86,1.5046199999999998,300,3
113,B7,325.0,17.8,18.45,3.2841000000000005,325,4
114,B7,350.0,30.2,25.05,7.5651,350,5
115,B7,400.0,69.4,38.17,26.489980000000006,400,6
