temperature_c,catalyst_id,response,response_value_pct,rank_descending,comparison_count
250.0,A1,ethanol_conversion_pct,2.06716944958221,13,21
250.0,A2,ethanol_conversion_pct,4.60299723489029,6,21
250.0,A3,ethanol_conversion_pct,9.6693729570379,4,21
250.0,A4,ethanol_conversion_pct,4.0193913236899,8,21
250.0,A5,ethanol_conversion_pct,14.7871833611187,2,21
250.0,A6,ethanol_conversion_pct,13.3893967283351,3,21
250.0,A7,ethanol_conversion_pct,19.6562914186116,1,21
250.0,A8,ethanol_conversion_pct,6.26573693340327,5,21
250.0,A9,ethanol_conversion_pct,2.05316160924955,14,21
250.0,A10,ethanol_conversion_pct,0.319963965933778,20,21
250.0,A11,ethanol_conversion_pct,0.227691554459886,21,21
250.0,A12,ethanol_conversion_pct,1.44170934251802,15,21
250.0,A13,ethanol_conversion_pct,1.34694843685351,17,21
250.0,A14,ethanol_conversion_pct,2.49268861247491,11,21
250.0,B1,ethanol_conversion_pct,1.40818182615844,16,21
250.0,B2,ethanol_conversion_pct,2.76302415733759,10,21
250.0,B3,ethanol_conversion_pct,0.394774301814516,19,21
250.0,B4,ethanol_conversion_pct,0.543983713140717,18,21
250.0,B5,ethanol_conversion_pct,2.12124689485722,12,21
250.0,B6,ethanol_conversion_pct,2.7681694785164,9,21
250.0,B7,ethanol_conversion_pct,4.4,7,21
250.0,A1,c4_selectivity_pct,34.05,1,21
250.0,A2,c4_selectivity_pct,18.07,2,21
250.0,A3,c4_selectivity_pct,5.5,9,21
250.0,A4,c4_selectivity_pct,9.62,3,21
250.0,A5,c4_selectivity_pct,1.96,19,21
250.0,A6,c4_selectivity_pct,3.3,15,21
250.0,A7,c4_selectivity_pct,5.75,7,21
250.0,A8,c4_selectivity_pct,5.63,8,21
250.0,A9,c4_selectivity_pct,5.4,10,21
250.0,A10,c4_selectivity_pct,2.19,18,21
250.0,A11,c4_selectivity_pct,0.1,21,21
250.0,A12,c4_selectivity_pct,6.17,6,21
250.0,A13,c4_selectivity_pct,5.19,11,21
250.0,A14,c4_selectivity_pct,1.89,20,21
250.0,B1,c4_selectivity_pct,6.32,5,21
250.0,B2,c4_selectivity_pct,3.26,16,21
250.0,B3,c4_selectivity_pct,2.85,17,21
250.0,B4,c4_selectivity_pct,6.62,4,21
250.0,B5,c4_selectivity_pct,4.3,13,21
250.0,B6,c4_selectivity_pct,4.5,12,21
250.0,B7,c4_selectivity_pct,4.08,14,21
250.0,A1,c4_yield_pct,0.7038711975827424,3,21
250.0,A2,c4_yield_pct,0.8317616003446753,2,21
250.0,A3,c4_yield_pct,0.5318155126370846,4,21
250.0,A4,c4_yield_pct,0.3866654453389684,6,21
250.0,A5,c4_yield_pct,0.2898287938779265,8,21
250.0,A6,c4_yield_pct,0.44185009203505826,5,21
250.0,A7,c4_yield_pct,1.130236756570167,1,21
250.0,A8,c4_yield_pct,0.3527609893506041,7,21
250.0,A9,c4_yield_pct,0.11087072689947572,11,21
250.0,A10,c4_yield_pct,0.007007210853949738,20,21
250.0,A11,c4_yield_pct,0.00022769155445988602,21,21
250.0,A12,c4_yield_pct,0.08895346643336184,15,21
250.0,A13,c4_yield_pct,0.06990662387269718,16,21
250.0,A14,c4_yield_pct,0.0471118147757758,17,21
250.0,B1,c4_yield_pct,0.08899709141321342,14,21
250.0,B2,c4_yield_pct,0.09007458752920544,13,21
250.0,B3,c4_yield_pct,0.011251067601713707,19,21
250.0,B4,c4_yield_pct,0.036011721809915465,18,21
250.0,B5,c4_yield_pct,0.09121361647886045,12,21
250.0,B6,c4_yield_pct,0.124567626533238,10,21
250.0,B7,c4_yield_pct,0.17952,9,21
275.0,A1,ethanol_conversion_pct,5.8517209865374,10,21
275.0,A2,ethanol_conversion_pct,17.1955389078373,3,21
275.0,A3,ethanol_conversion_pct,19.2369353731673,2,21
275.0,A4,ethanol_conversion_pct,12.0977578656973,6,21
275.0,A5,ethanol_conversion_pct,12.4240108083889,5,21
275.0,A6,ethanol_conversion_pct,12.780990768999,4,21
275.0,A7,ethanol_conversion_pct,29.044956254083,1,21
275.0,A8,ethanol_conversion_pct,8.76156996024858,7,21
275.0,A9,ethanol_conversion_pct,3.00257162012393,16,21
275.0,A10,ethanol_conversion_pct,1.01545342802349,19,21
275.0,A11,ethanol_conversion_pct,0.516312042222788,21,21
275.0,A12,ethanol_conversion_pct,3.47363039678394,14,21
275.0,A13,ethanol_conversion_pct,2.30545598480325,17,21
275.0,A14,ethanol_conversion_pct,5.33483516226759,11,21
275.0,B1,ethanol_conversion_pct,3.41791391326378,15,21
275.0,B2,ethanol_conversion_pct,4.40266107173201,12,21
275.0,B3,ethanol_conversion_pct,0.615197832146397,20,21
275.0,B4,ethanol_conversion_pct,1.11315662843161,18,21
275.0,B5,ethanol_conversion_pct,3.83357052176252,13,21
275.0,B6,ethanol_conversion_pct,7.51025282890253,9,21
275.0,B7,ethanol_conversion_pct,7.9,8,21
275.0,A1,c4_selectivity_pct,37.43,1,21
275.0,A2,c4_selectivity_pct,17.28,2,21
275.0,A3,c4_selectivity_pct,8.04,8,21
275.0,A4,c4_selectivity_pct,8.62,4,21
275.0,A5,c4_selectivity_pct,6.65,11,21
275.0,A6,c4_selectivity_pct,7.1,10,21
275.0,A7,c4_selectivity_pct,6.56,14,21
275.0,A8,c4_selectivity_pct,8.52,5,21
275.0,A9,c4_selectivity_pct,9.68,3,21
275.0,A10,c4_selectivity_pct,1.65,20,21
275.0,A11,c4_selectivity_pct,1.0,21,21
275.0,A12,c4_selectivity_pct,8.11,7,21
275.0,A13,c4_selectivity_pct,7.62,9,21
275.0,A14,c4_selectivity_pct,2.55,19,21
275.0,B1,c4_selectivity_pct,8.25,6,21
275.0,B2,c4_selectivity_pct,4.97,17,21
275.0,B3,c4_selectivity_pct,5.35,15,21
275.0,B4,c4_selectivity_pct,6.62,12,21
275.0,B5,c4_selectivity_pct,5.06,16,21
275.0,B6,c4_selectivity_pct,4.79,18,21
275.0,B7,c4_selectivity_pct,6.62,12,21
275.0,A1,c4_yield_pct,2.1902991652609485,2,21
275.0,A2,c4_yield_pct,2.9713891232742857,1,21
275.0,A3,c4_yield_pct,1.5466496040026507,4,21
275.0,A4,c4_yield_pct,1.0428267280231072,5,21
275.0,A5,c4_yield_pct,0.8261967187578618,7,21
275.0,A6,c4_yield_pct,0.907450344598929,6,21
275.0,A7,c4_yield_pct,1.9053491302678447,3,21
275.0,A8,c4_yield_pct,0.7464857606131791,8,21
275.0,A9,c4_yield_pct,0.2906489328279964,11,21
275.0,A10,c4_yield_pct,0.016754981562387583,20,21
275.0,A11,c4_yield_pct,0.0051631204222278805,21,21
275.0,A12,c4_yield_pct,0.2817114251791775,13,21
275.0,A13,c4_yield_pct,0.17567574604200764,16,21
275.0,A14,c4_yield_pct,0.13603829663782352,17,21
275.0,B1,c4_yield_pct,0.28197789784426186,12,21
275.0,B2,c4_yield_pct,0.21881225526508088,14,21
275.0,B3,c4_yield_pct,0.03291308401983224,19,21
275.0,B4,c4_yield_pct,0.07369096880217257,18,21
275.0,B5,c4_yield_pct,0.19397866840118347,15,21
275.0,B6,c4_yield_pct,0.3597411105044312,10,21
275.0,B7,c4_yield_pct,0.52298,9,21
300.0,A1,ethanol_conversion_pct,14.9688914921879,7,21
300.0,A2,ethanol_conversion_pct,38.9222453049932,2,21
300.0,A3,ethanol_conversion_pct,29.2502335391358,4,21
300.0,A4,ethanol_conversion_pct,29.4765641102885,3,21
300.0,A5,ethanol_conversion_pct,20.8085764699292,6,21
300.0,A6,ethanol_conversion_pct,25.479216201846,5,21
300.0,A7,ethanol_conversion_pct,39.9843661922415,1,21
300.0,A8,ethanol_conversion_pct,13.1790478809351,8,21
300.0,A9,ethanol_conversion_pct,4.72920063011057,16,21
300.0,A10,ethanol_conversion_pct,1.68467573268495,19,21
300.0,A11,ethanol_conversion_pct,1.60755277655185,20,21
300.0,A12,ethanol_conversion_pct,6.914387607182,12,21
300.0,A13,ethanol_conversion_pct,4.06672930913986,17,21
300.0,A14,ethanol_conversion_pct,10.1520362574393,11,21
300.0,B1,ethanol_conversion_pct,6.72372576152924,13,21
300.0,B2,ethanol_conversion_pct,6.22356275018717,14,21
300.0,B3,ethanol_conversion_pct,1.14894845380593,21,21
300.0,B4,ethanol_conversion_pct,3.01498497672866,18,21
300.0,B5,ethanol_conversion_pct,5.81212036583176,15,21
300.0,B6,ethanol_conversion_pct,12.6192375239931,9,21
300.0,B7,ethanol_conversion_pct,11.7,10,21
300.0,A1,c4_selectivity_pct,46.94,1,21
300.0,A2,c4_selectivity_pct,19.6,2,21
300.0,A3,c4_selectivity_pct,17.01,3,21
300.0,A4,c4_selectivity_pct,10.72,10,21
300.0,A5,c4_selectivity_pct,10.12,11,21
300.0,A6,c4_selectivity_pct,7.18,17,21
300.0,A7,c4_selectivity_pct,8.84,13,21
300.0,A8,c4_selectivity_pct,13.82,5,21
300.0,A9,c4_selectivity_pct,16.1,4,21
300.0,A10,c4_selectivity_pct,2.17,20,21
300.0,A11,c4_selectivity_pct,1.82,21,21
300.0,A12,c4_selectivity_pct,11.22,9,21
300.0,A13,c4_selectivity_pct,12.74,7,21
300.0,A14,c4_selectivity_pct,3.61,19,21
300.0,B1,c4_selectivity_pct,12.28,8,21
300.0,B2,c4_selectivity_pct,9.32,12,21
300.0,B3,c4_selectivity_pct,7.61,16,21
300.0,B4,c4_selectivity_pct,5.05,18,21
300.0,B5,c4_selectivity_pct,7.92,15,21
300.0,B6,c4_selectivity_pct,8.77,14,21
300.0,B7,c4_selectivity_pct,12.86,6,21
300.0,A1,c4_yield_pct,7.026397666433001,2,21
300.0,A2,c4_yield_pct,7.628760079778667,1,21
300.0,A3,c4_yield_pct,4.975464725007,3,21
300.0,A4,c4_yield_pct,3.1598876726229275,5,21
300.0,A5,c4_yield_pct,2.1058279387568346,6,21
300.0,A6,c4_yield_pct,1.829407723292543,7,21
300.0,A7,c4_yield_pct,3.534617971394149,4,21
300.0,A8,c4_yield_pct,1.8213444171452309,8,21
300.0,A9,c4_yield_pct,0.7614013014478017,13,21
300.0,A10,c4_yield_pct,0.03655746339926341,20,21
300.0,A11,c4_yield_pct,0.029257460533243674,21,21
300.0,A12,c4_yield_pct,0.7757942895258205,12,21
300.0,A13,c4_yield_pct,0.5181013139844182,15,21
300.0,A14,c4_yield_pct,0.3664885088935588,17,21
300.0,B1,c4_yield_pct,0.8256735235157906,11,21
300.0,B2,c4_yield_pct,0.5800360483174444,14,21
300.0,B3,c4_yield_pct,0.08743497733463128,19,21
300.0,B4,c4_yield_pct,0.15225674132479733,18,21
300.0,B5,c4_yield_pct,0.46031993297387536,16,21
300.0,B6,c4_yield_pct,1.1067071308541947,10,21
300.0,B7,c4_yield_pct,1.5046199999999998,9,21
325.0,A1,ethanol_conversion_pct,19.6813590966625,5,10
325.0,A2,ethanol_conversion_pct,56.3824602331247,1,10
325.0,A3,ethanol_conversion_pct,37.5791851341654,3,10
325.0,A4,ethanol_conversion_pct,43.3256219763485,2,10
325.0,A5,ethanol_conversion_pct,28.3488858758218,4,10
325.0,B3,ethanol_conversion_pct,3.28521284393757,10,10
325.0,B4,ethanol_conversion_pct,6.05517768940117,9,10
325.0,B5,ethanol_conversion_pct,9.7842849683418,8,10
325.0,B6,ethanol_conversion_pct,15.8589641330784,7,10
325.0,B7,ethanol_conversion_pct,17.8,6,10
325.0,A1,c4_selectivity_pct,49.7,1,10
325.0,A2,c4_selectivity_pct,30.62,2,10
325.0,A3,c4_selectivity_pct,28.72,3,10
325.0,A4,c4_selectivity_pct,18.89,4,10
325.0,A5,c4_selectivity_pct,13.86,7,10
325.0,B3,c4_selectivity_pct,7.74,10,10
325.0,B4,c4_selectivity_pct,8.33,9,10
325.0,B5,c4_selectivity_pct,11.69,8,10
325.0,B6,c4_selectivity_pct,16.06,6,10
325.0,B7,c4_selectivity_pct,18.45,5,10
325.0,A1,c4_yield_pct,9.781635471041263,3,10
325.0,A2,c4_yield_pct,17.264309323382783,1,10
325.0,A3,c4_yield_pct,10.792741970532301,2,10
325.0,A4,c4_yield_pct,8.184209991332231,4,10
325.0,A5,c4_yield_pct,3.9291555823889013,5,10
325.0,B3,c4_yield_pct,0.25427547412076795,10,10
325.0,B4,c4_yield_pct,0.5043963015271175,9,10
325.0,B5,c4_yield_pct,1.1437829127991563,8,10
325.0,B6,c4_yield_pct,2.546949639772391,7,10
325.0,B7,c4_yield_pct,3.2841000000000005,6,10
350.0,A1,ethanol_conversion_pct,36.801016971268,7,21
350.0,A2,ethanol_conversion_pct,67.8792957456246,1,21
350.0,A3,ethanol_conversion_pct,48.9370446484212,5,21
350.0,A4,ethanol_conversion_pct,60.4684283526454,2,21
350.0,A5,ethanol_conversion_pct,36.8115789475551,6,21
350.0,A6,ethanol_conversion_pct,55.7550272411716,4,21
350.0,A7,ethanol_conversion_pct,58.6049967786163,3,21
350.0,A8,ethanol_conversion_pct,31.7206628928351,8,21
350.0,A9,ethanol_conversion_pct,13.3927447682896,17,21
350.0,A10,ethanol_conversion_pct,9.01884092947588,19,21
350.0,A11,ethanol_conversion_pct,8.20758112698906,20,21
350.0,A12,ethanol_conversion_pct,19.9122976584978,12,21
350.0,A13,ethanol_conversion_pct,14.6387758329042,16,21
350.0,A14,ethanol_conversion_pct,24.0318985551102,11,21
350.0,B1,ethanol_conversion_pct,19.3092626251229,13,21
350.0,B2,ethanol_conversion_pct,16.1870321046694,14,21
350.0,B3,ethanol_conversion_pct,6.01029955582901,21,21
350.0,B4,ethanol_conversion_pct,9.64336126696237,18,21
350.0,B5,ethanol_conversion_pct,15.8632612859104,15,21
350.0,B6,ethanol_conversion_pct,27.0309632091066,10,21
350.0,B7,ethanol_conversion_pct,30.2,9,21
350.0,A1,c4_selectivity_pct,47.21,1,21
350.0,A2,c4_selectivity_pct,39.1,2,21
350.0,A3,c4_selectivity_pct,36.85,3,21
350.0,A4,c4_selectivity_pct,27.25,5,21
350.0,A5,c4_selectivity_pct,18.75,13,21
350.0,A6,c4_selectivity_pct,10.65,19,21
350.0,A7,c4_selectivity_pct,18.64,14,21
350.0,A8,c4_selectivity_pct,25.89,7,21
350.0,A9,c4_selectivity_pct,31.04,4,21
350.0,A10,c4_selectivity_pct,3.3,21,21
350.0,A11,c4_selectivity_pct,4.35,20,21
350.0,A12,c4_selectivity_pct,22.26,12,21
350.0,A13,c4_selectivity_pct,23.46,9,21
350.0,A14,c4_selectivity_pct,10.83,18,21
350.0,B1,c4_selectivity_pct,25.97,6,21
350.0,B2,c4_selectivity_pct,22.88,10,21
350.0,B3,c4_selectivity_pct,13.81,16,21
350.0,B4,c4_selectivity_pct,13.1,17,21
350.0,B5,c4_selectivity_pct,15.34,15,21
350.0,B6,c4_selectivity_pct,22.41,11,21
350.0,B7,c4_selectivity_pct,25.05,8,21
350.0,A1,c4_yield_pct,17.37376011213562,3,21
350.0,A2,c4_yield_pct,26.54080463653922,1,21
350.0,A3,c4_yield_pct,18.033300952943215,2,21
350.0,A4,c4_yield_pct,16.47764672609587,4,21
350.0,A5,c4_yield_pct,6.902171052666581,8,21
350.0,A6,c4_yield_pct,5.937910401184776,10,21
350.0,A7,c4_yield_pct,10.923971399534077,5,21
350.0,A8,c4_yield_pct,8.212479622955009,6,21
350.0,A9,c4_yield_pct,4.157107976077091,13,21
350.0,A10,c4_yield_pct,0.297621750672704,21,21
350.0,A11,c4_yield_pct,0.3570297790240241,20,21
350.0,A12,c4_yield_pct,4.4324774587816105,12,21
350.0,A13,c4_yield_pct,3.4342568103993254,15,21
350.0,A14,c4_yield_pct,2.6026546135184345,16,21
350.0,B1,c4_yield_pct,5.014615503744418,11,21
350.0,B2,c4_yield_pct,3.7035929455483587,14,21
350.0,B3,c4_yield_pct,0.8300223686599864,19,21
350.0,B4,c4_yield_pct,1.2632803259720702,18,21
350.0,B5,c4_yield_pct,2.4334242812586555,17,21
350.0,B6,c4_yield_pct,6.057638855160788,9,21
350.0,B7,c4_yield_pct,7.5651,7,21
400.0,A3,ethanol_conversion_pct,83.7133815760754,2,19
400.0,A4,ethanol_conversion_pct,88.4393444439815,1,19
400.0,A5,ethanol_conversion_pct,76.0198321376534,5,19
400.0,A6,ethanol_conversion_pct,83.3476161758825,3,19
400.0,A7,ethanol_conversion_pct,76.0274161977392,4,19
400.0,A8,ethanol_conversion_pct,56.1163898081809,8,19
400.0,A9,ethanol_conversion_pct,40.7971628999023,14,19
400.0,A10,ethanol_conversion_pct,28.5943907570513,18,19
400.0,A11,ethanol_conversion_pct,32.5934981167189,17,19
400.0,A12,ethanol_conversion_pct,44.534966735128,12,19
400.0,A13,ethanol_conversion_pct,40.047154305474,15,19
400.0,A14,ethanol_conversion_pct,53.6152568624797,9,19
400.0,B1,ethanol_conversion_pct,43.595444389466,13,19
400.0,B2,ethanol_conversion_pct,45.1352390825493,10,19
400.0,B3,ethanol_conversion_pct,21.1001303126785,19,19
400.0,B4,ethanol_conversion_pct,33.4895955281135,16,19
400.0,B5,ethanol_conversion_pct,44.9818815507988,11,19
400.0,B6,ethanol_conversion_pct,63.2452382390403,7,19
400.0,B7,ethanol_conversion_pct,69.4,6,19
400.0,A3,c4_selectivity_pct,53.43,1,19
400.0,A4,c4_selectivity_pct,41.02,5,19
400.0,A5,c4_selectivity_pct,38.23,7,19
400.0,A6,c4_selectivity_pct,37.33,9,19
400.0,A7,c4_selectivity_pct,33.25,11,19
400.0,A8,c4_selectivity_pct,41.42,3,19
400.0,A9,c4_selectivity_pct,42.04,2,19
400.0,A10,c4_selectivity_pct,10.29,18,19
400.0,A11,c4_selectivity_pct,7.93,19,19
400.0,A12,c4_selectivity_pct,36.3,10,19
400.0,A13,c4_selectivity_pct,27.91,13,19
400.0,A14,c4_selectivity_pct,22.3,15,19
400.0,B1,c4_selectivity_pct,41.08,4,19
400.0,B2,c4_selectivity_pct,38.7,6,19
400.0,B3,c4_selectivity_pct,21.21,17,19
400.0,B4,c4_selectivity_pct,21.45,16,19
400.0,B5,c4_selectivity_pct,25.83,14,19
400.0,B6,c4_selectivity_pct,30.48,12,19
400.0,B7,c4_selectivity_pct,38.17,8,19
400.0,A3,c4_yield_pct,44.72805977609709,1,19
400.0,A4,c4_yield_pct,36.27781909092121,2,19
400.0,A5,c4_yield_pct,29.062381826224893,4,19
400.0,A6,c4_yield_pct,31.113665118456932,3,19
400.0,A7,c4_yield_pct,25.279115885748283,6,19
400.0,A8,c4_yield_pct,23.243408658548528,7,19
400.0,A9,c4_yield_pct,17.151127283118925,11,19
400.0,A10,c4_yield_pct,2.9423628089005787,18,19
400.0,A11,c4_yield_pct,2.5846644006558086,19,19
400.0,A12,c4_yield_pct,16.166192924851465,12,19
400.0,A13,c4_yield_pct,11.177160766657794,15,19
400.0,A14,c4_yield_pct,11.956202280332972,13,19
400.0,B1,c4_yield_pct,17.909008555192635,9,19
400.0,B2,c4_yield_pct,17.46733752494658,10,19
400.0,B3,c4_yield_pct,4.47533763931911,17,19
400.0,B4,c4_yield_pct,7.183518240780345,16,19
400.0,B5,c4_yield_pct,11.61882000457133,14,19
400.0,B6,c4_yield_pct,19.27714861525948,8,19
400.0,B7,c4_yield_pct,26.489980000000006,5,19
450.0,A3,ethanol_conversion_pct,86.4097027402944,1,1
450.0,A3,c4_selectivity_pct,49.9,1,1
450.0,A3,c4_yield_pct,43.118441667406906,1,1
