dataset,record_id,selectivity_sum_pct,selectivity_closure_error_pct_point,selectivity_closure_abs_error_pct_point
附件1,A1@250.0,100.0,0.0,0.0
附件1,A1@275.0,100.0,0.0,0.0
附件1,A1@300.0,100.0,0.0,0.0
附件1,A1@325.0,99.99999999999999,-1.4210854715202004e-14,1.4210854715202004e-14
附件1,A1@350.0,100.0,0.0,0.0
附件1,A2@250.0,100.0,0.0,0.0
附件1,A2@275.0,100.0,0.0,0.0
附件1,A2@300.0,100.0,0.0,0.0
附件1,A2@325.0,100.00000000000001,1.4210854715202004e-14,1.4210854715202004e-14
附件1,A2@350.0,100.00000000000001,1.4210854715202004e-14,1.4210854715202004e-14
附件1,A3@250.0,100.0,0.0,0.0
附件1,A3@275.0,99.99999999999999,-1.4210854715202004e-14,1.4210854715202004e-14
附件1,A3@300.0,100.0,0.0,0.0
附件1,A3@325.0,99.99999999999999,-1.4210854715202004e-14,1.4210854715202004e-14
附件1,A3@350.0,100.0,0.0,0.0
附件1,A3@400.0,100.0,0.0,0.0
附件1,A3@450.0,100.0,0.0,0.0
附件1,A4@250.0,100.0,0.0,0.0
附件1,A4@275.0,99.99999999999999,-1.4210854715202004e-14,1.4210854715202004e-14
附件1,A4@300.0,99.99999999999999,-1.4210854715202004e-14,1.4210854715202004e-14
附件1,A4@325.0,99.99999999999999,-1.4210854715202004e-14,1.4210854715202004e-14
附件1,A4@350.0,100.0,0.0,0.0
附件1,A4@400.0,100.00000000000001,1.4210854715202004e-14,1.4210854715202004e-14
附件1,A5@250.0,100.0,0.0,0.0
附件1,A5@275.0,100.0,0.0,0.0
附件1,A5@300.0,100.0,0.0,0.0
附件1,A5@325.0,100.0,0.0,0.0
附件1,A5@350.0,100.0,0.0,0.0
附件1,A5@400.0,100.0,0.0,0.0
附件1,A6@250.0,100.00000000000001,1.4210854715202004e-14,1.4210854715202004e-14
附件1,A6@275.0,99.99999999999999,-1.4210854715202004e-14,1.4210854715202004e-14
附件1,A6@300.0,100.0,0.0,0.0
附件1,A6@350.0,100.0,0.0,0.0
附件1,A6@400.0,100.0,0.0,0.0
附件1,A7@250.0,100.00000000000001,1.4210854715202004e-14,1.4210854715202004e-14
附件1,A7@275.0,100.0,0.0,0.0
附件1,A7@300.0,100.0,0.0,0.0
附件1,A7@350.0,100.0,0.0,0.0
附件1,A7@400.0,100.0,0.0,0.0
附件1,A8@250.0,100.0,0.0,0.0
附件1,A8@275.0,100.0,0.0,0.0
附件1,A8@300.0,100.0,0.0,0.0
附件1,A8@350.0,100.0,0.0,0.0
附件1,A8@400.0,100.0,0.0,0.0
附件1,A9@250.0,100.0,0.0,0.0
附件1,A9@275.0,100.0,0.0,0.0
附件1,A9@300.0,100.0,0.0,0.0
附件1,A9@350.0,99.99999999999999,-1.4210854715202004e-14,1.4210854715202004e-14
附件1,A9@400.0,100.0,0.0,0.0
附件1,A10@250.0,100.0,0.0,0.0
附件1,A10@275.0,100.0,0.0,0.0
附件1,A10@300.0,99.99999999999999,-1.4210854715202004e-14,1.4210854715202004e-14
附件1,A10@350.0,100.0,0.0,0.0
附件1,A10@400.0,100.0,0.0,0.0
附件1,A11@250.0,100.0,0.0,0.0
附件1,A11@275.0,100.0,0.0,0.0
附件1,A11@300.0,100.00000000000001,1.4210854715202004e-14,1.4210854715202004e-14
附件1,A11@350.0,99.99999999999999,-1.4210854715202004e-14,1.4210854715202004e-14
附件1,A11@400.0,100.0,0.0,0.0
附件1,A12@250.0,100.0,0.0,0.0
附件1,A12@275.0,99.99999999999999,-1.4210854715202004e-14,1.4210854715202004e-14
附件1,A12@300.0,100.00000000000001,1.4210854715202004e-14,1.4210854715202004e-14
附件1,A12@350.0,100.0,0.0,0.0
附件1,A12@400.0,100.0,0.0,0.0
附件1,A13@250.0,100.0,0.0,0.0
附件1,A13@275.0,100.0,0.0,0.0
附件1,A13@300.0,100.0,0.0,0.0
附件1,A13@350.0,100.0,0.0,0.0
附件1,A13@400.0,99.99999999999999,-1.4210854715202004e-14,1.4210854715202004e-14
附件1,A14@250.0,100.0,0.0,0.0
附件1,A14@275.0,99.99999999999999,-1.4210854715202004e-14,1.4210854715202004e-14
附件1,A14@300.0,100.00000000000001,1.4210854715202004e-14,1.4210854715202004e-14
附件1,A14@350.0,100.0,0.0,0.0
附件1,A14@400.0,100.0,0.0,0.0
附件1,B1@250.0,100.00000000000001,1.4210854715202004e-14,1.4210854715202004e-14
附件1,B1@275.0,100.0,0.0,0.0
附件1,B1@300.0,100.0,0.0,0.0
附件1,B1@350.0,100.0,0.0,0.0
附件1,B1@400.0,100.00000000000001,1.4210854715202004e-14,1.4210854715202004e-14
附件1,B2@250.0,100.0,0.0,0.0
附件1,B2@275.0,100.0,0.0,0.0
附件1,B2@300.0,100.0,0.0,0.0
附件1,B2@350.0,100.0,0.0,0.0
附件1,B2@400.0,100.0,0.0,0.0
附件1,B3@250.0,100.0,0.0,0.0
附件1,B3@275.0,100.0,0.0,0.0
附件1,B3@300.0,100.0,0.0,0.0
附件1,B3@325.0,99.99999999999999,-1.4210854715202004e-14,1.4210854715202004e-14
附件1,B3@350.0,100.00000000000001,1.4210854715202004e-14,1.4210854715202004e-14
附件1,B3@400.0,99.99999999999999,-1.4210854715202004e-14,1.4210854715202004e-14
附件1,B4@250.0,100.0,0.0,0.0
附件1,B4@275.0,100.00000000000001,1.4210854715202004e-14,1.4210854715202004e-14
附件1,B4@300.0,100.0,0.0,0.0
附件1,B4@325.0,100.0,0.0,0.0
附件1,B4@350.0,100.0,0.0,0.0
附件1,B4@400.0,100.0,0.0,0.0
附件1,B5@250.0,100.0,0.0,0.0
附件1,B5@275.0,100.0,0.0,0.0
附件1,B5@300.0,99.99999999999999,-1.4210854715202004e-14,1.4210854715202004e-14
附件1,B5@325.0,100.0,0.0,0.0
附件1,B5@350.0,100.0,0.0,0.0
附件1,B5@400.0,99.99999999999999,-1.4210854715202004e-14,1.4210854715202004e-14
附件1,B6@250.0,100.0,0.0,0.0
附件1,B6@275.0,99.99999999999999,-1.4210854715202004e-14,1.4210854715202004e-14
附件1,B6@300.0,100.0,0.0,0.0
附件1,B6@325.0,100.0,0.0,0.0
附件1,B6@350.0,99.99999999999999,-1.4210854715202004e-14,1.4210854715202004e-14
附件1,B6@400.0,100.0,0.0,0.0
附件1,B7@250.0,100.00000000000001,1.4210854715202004e-14,1.4210854715202004e-14
附件1,B7@275.0,100.00000000000001,1.4210854715202004e-14,1.4210854715202004e-14
附件1,B7@300.0,99.99999999999999,-1.4210854715202004e-14,1.4210854715202004e-14
附件1,B7@325.0,100.0,0.0,0.0
附件1,B7@350.0,100.0,0.0,0.0
附件1,B7@400.0,100.0,0.0,0.0
附件2,t=20.0,100.0,0.0,0.0
附件2,t=70.0,100.0,0.0,0.0
附件2,t=110.0,100.0,0.0,0.0
附件2,t=163.0,100.0,0.0,0.0
附件2,t=197.0,100.0,0.0,0.0
附件2,t=240.0,100.0,0.0,0.0
附件2,t=273.0,100.0,0.0,0.0
