variable,temperature_c,cosio2_mass_mg,co_loading_wt_pct,hap_mass_mg,active_catalyst_mass_mg,ethanol_condition_ml_min,ethanol_conversion_pct,c4_selectivity_pct,c4_yield_pct
temperature_c,1.0,-0.002218766752302734,-0.025517990570362633,-0.0009605811741590976,-0.0017372319750133783,-0.02968963036276427,0.7755737920400262,0.7291600960945102,0.8034914215388368
cosio2_mass_mg,-0.002218766752302734,1.0,0.18666444418260825,0.8887461651208762,0.9602682495615523,-0.32638914817006087,0.4154512259492307,0.3524590972082708,0.4220734889369605
co_loading_wt_pct,-0.025517990570362633,0.18666444418260825,1.0,0.19352290168706135,0.19719607380524215,0.01424844921245816,0.04002179872912175,-0.13403138963487887,-0.02737417019410966
hap_mass_mg,-0.0009605811741590976,0.8887461651208762,0.19352290168706135,1.0,0.9791349728872455,-0.3196823504991375,0.45995648197028105,0.3559892819448699,0.4500208907250839
active_catalyst_mass_mg,-0.0017372319750133783,0.9602682495615523,0.19719607380524215,0.9791349728872455,1.0,-0.3257500989996574,0.45687304688125463,0.37404500227054227,0.4564687608127755
ethanol_condition_ml_min,-0.02968963036276427,-0.32638914817006087,0.01424844921245816,-0.3196823504991375,-0.3257500989996574,1.0,-0.370344545025485,-0.16088209322447558,-0.3008345886263248
ethanol_conversion_pct,0.7755737920400262,0.4154512259492307,0.04002179872912175,0.45995648197028105,0.45687304688125463,-0.370344545025485,1.0,0.7545002582377642,0.957757032056864
c4_selectivity_pct,0.7291600960945102,0.3524590972082708,-0.13403138963487887,0.3559892819448699,0.37404500227054227,-0.16088209322447558,0.7545002582377642,1.0,0.9059325037675448
c4_yield_pct,0.8034914215388368,0.4220734889369605,-0.02737417019410966,0.4500208907250839,0.4564687608127755,-0.3008345886263248,0.957757032056864,0.9059325037675448,1.0
