catalyst_id,loading_method,observation_count,temperature_min_c,temperature_max_c,temperature_unique_count,conversion_min_pct,conversion_max_pct,c4_selectivity_min_pct,c4_selectivity_max_pct,yield_min_pct,yield_max_pct
A1,I,5,250.0,350.0,5,2.06716944958221,36.801016971268,34.05,49.7,0.7038711975827424,17.37376011213562
A10,I,5,250.0,400.0,5,0.319963965933778,28.5943907570513,1.65,10.29,0.007007210853949738,2.9423628089005787
A11,I,5,250.0,400.0,5,0.227691554459886,32.5934981167189,0.1,7.93,0.00022769155445988602,2.5846644006558086
A12,I,5,250.0,400.0,5,1.44170934251802,44.534966735128,6.17,36.3,0.08895346643336184,16.166192924851465
A13,I,5,250.0,400.0,5,1.34694843685351,40.047154305474,5.19,27.91,0.06990662387269718,11.177160766657794
A14,I,5,250.0,400.0,5,2.49268861247491,53.6152568624797,1.89,22.3,0.0471118147757758,11.956202280332972
A2,I,5,250.0,350.0,5,4.60299723489029,67.8792957456246,17.28,39.1,0.8317616003446753,26.54080463653922
A3,I,7,250.0,450.0,7,9.6693729570379,86.4097027402944,5.5,53.43,0.5318155126370846,44.72805977609709
A4,I,6,250.0,400.0,6,4.0193913236899,88.4393444439815,8.62,41.02,0.3866654453389684,36.27781909092121
A5,I,6,250.0,400.0,6,12.4240108083889,76.0198321376534,1.96,38.23,0.2898287938779265,29.062381826224893
A6,I,5,250.0,400.0,5,12.780990768999,83.3476161758825,3.3,37.33,0.44185009203505826,31.113665118456932
A7,I,5,250.0,400.0,5,19.6562914186116,76.0274161977392,5.75,33.25,1.130236756570167,25.279115885748283
A8,I,5,250.0,400.0,5,6.26573693340327,56.1163898081809,5.63,41.42,0.3527609893506041,23.243408658548528
A9,I,5,250.0,400.0,5,2.05316160924955,40.7971628999023,5.4,42.04,0.11087072689947572,17.151127283118925
B1,II,5,250.0,400.0,5,1.40818182615844,43.595444389466,6.32,41.08,0.08899709141321342,17.909008555192635
B2,II,5,250.0,400.0,5,2.76302415733759,45.1352390825493,3.26,38.7,0.09007458752920544,17.46733752494658
B3,II,6,250.0,400.0,6,0.394774301814516,21.1001303126785,2.85,21.21,0.011251067601713707,4.47533763931911
B4,II,6,250.0,400.0,6,0.543983713140717,33.4895955281135,5.05,21.45,0.036011721809915465,7.183518240780345
B5,II,6,250.0,400.0,6,2.12124689485722,44.9818815507988,4.3,25.83,0.09121361647886045,11.61882000457133
B6,II,6,250.0,400.0,6,2.7681694785164,63.2452382390403,4.5,30.48,0.124567626533238,19.27714861525948
B7,II,6,250.0,400.0,6,4.4,69.4,4.08,38.17,0.17952,26.489980000000006
