catalyst_id,loading_method,temperature_c,ethanol_conversion_pct,c4_selectivity_pct,c4_yield_pct,co_loading_wt_pct,cosio2_mass_mg,hap_mass_mg,ethanol_condition_ml_min
A3,I,400.0,83.7133815760754,53.43,44.72805977609709,1.0,200.0,200.0,0.9
A3,I,450.0,86.4097027402944,49.9,43.118441667406906,1.0,200.0,200.0,0.9
A4,I,400.0,88.4393444439815,41.02,36.27781909092121,0.5,200.0,200.0,1.68
A6,I,400.0,83.3476161758825,37.33,31.113665118456932,5.0,200.0,200.0,1.68
A5,I,400.0,76.0198321376534,38.23,29.062381826224893,2.0,200.0,200.0,0.3
A2,I,350.0,67.8792957456246,39.1,26.54080463653922,2.0,200.0,200.0,1.68
B7,II,400.0,69.4,38.17,26.489980000000006,1.0,100.0,100.0,0.9
A7,I,400.0,76.0274161977392,33.25,25.279115885748283,1.0,50.0,50.0,0.3
A8,I,400.0,56.1163898081809,41.42,23.243408658548528,1.0,50.0,50.0,0.9
B6,II,400.0,63.2452382390403,30.48,19.27714861525948,1.0,75.0,75.0,1.68
A3,I,350.0,48.9370446484212,36.85,18.033300952943215,1.0,200.0,200.0,0.9
B1,II,400.0,43.595444389466,41.08,17.909008555192635,1.0,50.0,50.0,1.68
B2,II,400.0,45.1352390825493,38.7,17.46733752494658,1.0,100.0,100.0,1.68
A1,I,350.0,36.801016971268,47.21,17.37376011213562,1.0,200.0,200.0,1.68
A2,I,325.0,56.3824602331247,30.62,17.264309323382783,2.0,200.0,200.0,1.68
A9,I,400.0,40.7971628999023,42.04,17.151127283118925,1.0,50.0,50.0,2.1
A4,I,350.0,60.4684283526454,27.25,16.47764672609587,0.5,200.0,200.0,1.68
A12,I,400.0,44.534966735128,36.3,16.166192924851465,1.0,50.0,50.0,1.68
A14,I,400.0,53.6152568624797,22.3,11.956202280332972,1.0,33.0,67.0,1.68
B5,II,400.0,44.9818815507988,25.83,11.61882000457133,1.0,50.0,50.0,2.1
