catalyst_id,loading_method,response,observation_count,temperature_min_c,temperature_max_c,spearman_temperature_response,strictly_increasing,nondecreasing,strictly_decreasing,sign_change_count,first_value,last_value,absolute_change
A1,I,ethanol_conversion_pct,5,250.0,350.0,0.9999999999999999,True,True,False,0,2.06716944958221,36.801016971268,34.73384752168579
A1,I,c4_selectivity_pct,5,250.0,350.0,0.8999999999999998,False,False,False,1,34.05,47.21,13.160000000000004
A1,I,c4_yield_pct,5,250.0,350.0,0.9999999999999999,True,True,False,0,0.7038711975827424,17.37376011213562,16.669888914552878
A10,I,ethanol_conversion_pct,5,250.0,400.0,0.9999999999999999,True,True,False,0,0.319963965933778,28.5943907570513,28.274426791117524
A10,I,c4_selectivity_pct,5,250.0,400.0,0.7,False,False,False,1,2.19,10.29,8.1
A10,I,c4_yield_pct,5,250.0,400.0,0.9999999999999999,True,True,False,0,0.007007210853949738,2.9423628089005787,2.935355598046629
A11,I,ethanol_conversion_pct,5,250.0,400.0,0.9999999999999999,True,True,False,0,0.227691554459886,32.5934981167189,32.36580656225901
A11,I,c4_selectivity_pct,5,250.0,400.0,0.9999999999999999,True,True,False,0,0.1,7.93,7.83
A11,I,c4_yield_pct,5,250.0,400.0,0.9999999999999999,True,True,False,0,0.00022769155445988602,2.5846644006558086,2.584436709101349
A12,I,ethanol_conversion_pct,5,250.0,400.0,0.9999999999999999,True,True,False,0,1.44170934251802,44.534966735128,43.093257392609985
A12,I,c4_selectivity_pct,5,250.0,400.0,0.9999999999999999,True,True,False,0,6.17,36.3,30.129999999999995
A12,I,c4_yield_pct,5,250.0,400.0,0.9999999999999999,True,True,False,0,0.08895346643336184,16.166192924851465,16.077239458418102
A13,I,ethanol_conversion_pct,5,250.0,400.0,0.9999999999999999,True,True,False,0,1.34694843685351,40.047154305474,38.70020586862049
A13,I,c4_selectivity_pct,5,250.0,400.0,0.9999999999999999,True,True,False,0,5.19,27.91,22.72
A13,I,c4_yield_pct,5,250.0,400.0,0.9999999999999999,True,True,False,0,0.06990662387269718,11.177160766657794,11.107254142785097
A14,I,ethanol_conversion_pct,5,250.0,400.0,0.9999999999999999,True,True,False,0,2.49268861247491,53.6152568624797,51.12256825000479
A14,I,c4_selectivity_pct,5,250.0,400.0,0.9999999999999999,True,True,False,0,1.89,22.3,20.41
A14,I,c4_yield_pct,5,250.0,400.0,0.9999999999999999,True,True,False,0,0.0471118147757758,11.956202280332972,11.909090465557197
A2,I,ethanol_conversion_pct,5,250.0,350.0,0.9999999999999999,True,True,False,0,4.60299723489029,67.8792957456246,63.276298510734314
A2,I,c4_selectivity_pct,5,250.0,350.0,0.8999999999999998,False,False,False,1,18.07,39.1,21.03
A2,I,c4_yield_pct,5,250.0,350.0,0.9999999999999999,True,True,False,0,0.8317616003446753,26.54080463653922,25.709043036194547
A3,I,ethanol_conversion_pct,7,250.0,450.0,1.0,True,True,False,0,9.6693729570379,86.4097027402944,76.7403297832565
A3,I,c4_selectivity_pct,7,250.0,450.0,0.9642857142857145,False,False,False,1,5.5,49.9,44.4
A3,I,c4_yield_pct,7,250.0,450.0,0.9642857142857145,False,False,False,1,0.5318155126370846,43.118441667406906,42.586626154769824
A4,I,ethanol_conversion_pct,6,250.0,400.0,1.0,True,True,False,0,4.0193913236899,88.4393444439815,84.4199531202916
A4,I,c4_selectivity_pct,6,250.0,400.0,0.942857142857143,False,False,False,1,9.62,41.02,31.400000000000006
A4,I,c4_yield_pct,6,250.0,400.0,1.0,True,True,False,0,0.3866654453389684,36.27781909092121,35.89115364558224
A5,I,ethanol_conversion_pct,6,250.0,400.0,0.942857142857143,False,False,False,1,14.7871833611187,76.0198321376534,61.232648776534695
A5,I,c4_selectivity_pct,6,250.0,400.0,1.0,True,True,False,0,1.96,38.23,36.269999999999996
A5,I,c4_yield_pct,6,250.0,400.0,1.0,True,True,False,0,0.2898287938779265,29.062381826224893,28.772553032346966
A6,I,ethanol_conversion_pct,5,250.0,400.0,0.8999999999999998,False,False,False,1,13.3893967283351,83.3476161758825,69.95821944754739
A6,I,c4_selectivity_pct,5,250.0,400.0,0.9999999999999999,True,True,False,0,3.3,37.33,34.03
A6,I,c4_yield_pct,5,250.0,400.0,0.9999999999999999,True,True,False,0,0.44185009203505826,31.113665118456932,30.671815026421875
A7,I,ethanol_conversion_pct,5,250.0,400.0,0.9999999999999999,True,True,False,0,19.6562914186116,76.0274161977392,56.3711247791276
A7,I,c4_selectivity_pct,5,250.0,400.0,0.9999999999999999,True,True,False,0,5.75,33.25,27.5
A7,I,c4_yield_pct,5,250.0,400.0,0.9999999999999999,True,True,False,0,1.130236756570167,25.279115885748283,24.148879129178116
A8,I,ethanol_conversion_pct,5,250.0,400.0,0.9999999999999999,True,True,False,0,6.26573693340327,56.1163898081809,49.85065287477763
A8,I,c4_selectivity_pct,5,250.0,400.0,0.9999999999999999,True,True,False,0,5.63,41.42,35.79
A8,I,c4_yield_pct,5,250.0,400.0,0.9999999999999999,True,True,False,0,0.3527609893506041,23.243408658548528,22.890647669197925
A9,I,ethanol_conversion_pct,5,250.0,400.0,0.9999999999999999,True,True,False,0,2.05316160924955,40.7971628999023,38.74400129065275
A9,I,c4_selectivity_pct,5,250.0,400.0,0.9999999999999999,True,True,False,0,5.4,42.04,36.64
A9,I,c4_yield_pct,5,250.0,400.0,0.9999999999999999,True,True,False,0,0.11087072689947572,17.151127283118925,17.04025655621945
B1,II,ethanol_conversion_pct,5,250.0,400.0,0.9999999999999999,True,True,False,0,1.40818182615844,43.595444389466,42.18726256330756
B1,II,c4_selectivity_pct,5,250.0,400.0,0.9999999999999999,True,True,False,0,6.32,41.08,34.76
B1,II,c4_yield_pct,5,250.0,400.0,0.9999999999999999,True,True,False,0,0.08899709141321342,17.909008555192635,17.820011463779423
B2,II,ethanol_conversion_pct,5,250.0,400.0,0.9999999999999999,True,True,False,0,2.76302415733759,45.1352390825493,42.37221492521171
B2,II,c4_selectivity_pct,5,250.0,400.0,0.9999999999999999,True,True,False,0,3.26,38.7,35.440000000000005
B2,II,c4_yield_pct,5,250.0,400.0,0.9999999999999999,True,True,False,0,0.09007458752920544,17.46733752494658,17.377262937417374
B3,II,ethanol_conversion_pct,6,250.0,400.0,1.0,True,True,False,0,0.394774301814516,21.1001303126785,20.705356010863984
B3,II,c4_selectivity_pct,6,250.0,400.0,1.0,True,True,False,0,2.85,21.21,18.36
B3,II,c4_yield_pct,6,250.0,400.0,1.0,True,True,False,0,0.011251067601713707,4.47533763931911,4.464086571717396
B4,II,ethanol_conversion_pct,6,250.0,400.0,1.0,True,True,False,0,0.543983713140717,33.4895955281135,32.94561181497278
B4,II,c4_selectivity_pct,6,250.0,400.0,0.8116794499134279,False,False,False,1,6.62,21.45,14.829999999999998
B4,II,c4_yield_pct,6,250.0,400.0,1.0,True,True,False,0,0.036011721809915465,7.183518240780345,7.14750651897043
B5,II,ethanol_conversion_pct,6,250.0,400.0,1.0,True,True,False,0,2.12124689485722,44.9818815507988,42.86063465594158
B5,II,c4_selectivity_pct,6,250.0,400.0,1.0,True,True,False,0,4.3,25.83,21.529999999999998
B5,II,c4_yield_pct,6,250.0,400.0,1.0,True,True,False,0,0.09121361647886045,11.61882000457133,11.527606388092469
B6,II,ethanol_conversion_pct,6,250.0,400.0,1.0,True,True,False,0,2.7681694785164,63.2452382390403,60.4770687605239
B6,II,c4_selectivity_pct,6,250.0,400.0,1.0,True,True,False,0,4.5,30.48,25.98
B6,II,c4_yield_pct,6,250.0,400.0,1.0,True,True,False,0,0.124567626533238,19.27714861525948,19.152580988726243
B7,II,ethanol_conversion_pct,6,250.0,400.0,1.0,True,True,False,0,4.4,69.4,65.0
B7,II,c4_selectivity_pct,6,250.0,400.0,1.0,True,True,False,0,4.08,38.17,34.09
B7,II,c4_yield_pct,6,250.0,400.0,1.0,True,True,False,0,0.17952,26.489980000000006,26.310460000000006
